Date,Close
01/01/2014 23:58:00,"0,72649"
02/01/2014 23:58:00,"0,73179"
03/01/2014 23:58:00,"0,73576"
04/01/2014 23:58:00,"0,73589"
05/01/2014 23:58:00,"0,73546"
06/01/2014 23:58:00,"0,73362"
07/01/2014 23:58:00,"0,73438"
08/01/2014 23:58:00,"0,73676"
09/01/2014 23:58:00,"0,73481"
10/01/2014 23:58:00,"0,73151"
11/01/2014 23:58:00,"0,73142"
12/01/2014 23:58:00,"0,73143"
13/01/2014 23:58:00,"0,73161"
14/01/2014 23:58:00,"0,73153"
15/01/2014 23:58:00,"0,73543"
16/01/2014 23:58:00,"0,73427"
17/01/2014 23:58:00,"0,73839"
18/01/2014 23:58:00,"0,73844"
19/01/2014 23:58:00,"0,73915"
20/01/2014 23:58:00,"0,73817"
21/01/2014 23:58:00,"0,73737"
22/01/2014 23:58:00,"0,73833"
23/01/2014 23:58:00,"0,73056"
24/01/2014 23:58:00,"0,73104"
25/01/2014 23:58:00,"0,73115"
26/01/2014 23:58:00,"0,73045"
27/01/2014 23:58:00,"0,73125"
28/01/2014 23:58:00,"0,73234"
29/01/2014 23:58:00,"0,73219"
30/01/2014 23:58:00,"0,73746"
31/01/2014 23:58:00,"0,7413"
01/02/2014 23:58:00,"0,74134"
02/02/2014 23:58:00,"0,74139"
03/02/2014 23:58:00,"0,73937"
04/02/2014 23:58:00,"0,73985"
05/02/2014 23:58:00,"0,73886"
06/02/2014 23:58:00,"0,73577"
07/02/2014 23:58:00,"0,73332"
08/02/2014 23:58:00,"0,73335"
09/02/2014 23:58:00,"0,73411"
10/02/2014 23:58:00,"0,73276"
11/02/2014 23:58:00,"0,73325"
12/02/2014 23:58:00,"0,73573"
13/02/2014 23:58:00,"0,73094"
14/02/2014 23:58:00,"0,73021"
15/02/2014 23:58:00,"0,7303"
16/02/2014 23:58:00,"0,72996"
17/02/2014 23:58:00,"0,72966"
18/02/2014 23:58:00,"0,72661"
19/02/2014 23:58:00,"0,72833"
20/02/2014 23:58:00,"0,72889"
21/02/2014 23:58:00,"0,72789"
22/02/2014 23:58:00,"0,72775"
23/02/2014 23:58:00,"0,72775"
24/02/2014 23:58:00,"0,72804"
25/02/2014 23:58:00,"0,72743"
26/02/2014 23:58:00,"0,73073"
27/02/2014 23:58:00,"0,72951"
28/02/2014 23:58:00,"0,72443"
01/03/2014 23:58:00,"0,72453"
02/03/2014 23:58:00,"0,72594"
03/03/2014 23:58:00,"0,72793"
04/03/2014 23:58:00,"0,72783"
05/03/2014 23:58:00,"0,72817"
06/03/2014 23:58:00,"0,72119"
07/03/2014 23:58:00,"0,72046"
08/03/2014 23:58:00,"0,72041"
09/03/2014 23:58:00,"0,72046"
10/03/2014 23:58:00,"0,72055"
11/03/2014 23:58:00,"0,72169"
12/03/2014 23:58:00,"0,71919"
13/03/2014 23:58:00,"0,72119"
14/03/2014 23:58:00,"0,7188"
15/03/2014 23:58:00,"0,7186"
16/03/2014 23:58:00,"0,7188"
17/03/2014 23:58:00,"0,71798"
18/03/2014 23:58:00,"0,71781"
19/03/2014 23:58:00,"0,72338"
20/03/2014 23:58:00,"0,72562"
21/03/2014 23:58:00,"0,72485"
22/03/2014 23:58:00,"0,72469"
23/03/2014 23:58:00,"0,72486"
24/03/2014 23:58:00,"0,72265"
25/03/2014 23:58:00,"0,72375"
26/03/2014 23:58:00,"0,7255"
27/03/2014 23:58:00,"0,72776"
28/03/2014 23:58:00,"0,72702"
29/03/2014 23:58:00,"0,72706"
30/03/2014 23:58:00,"0,72727"
31/03/2014 23:58:00,"0,72601"
01/04/2014 23:58:00,"0,72495"
02/04/2014 23:58:00,"0,72641"
03/04/2014 23:58:00,"0,72892"
04/04/2014 23:58:00,"0,7297"
05/04/2014 23:58:00,"0,72955"
06/04/2014 23:58:00,"0,73004"
07/04/2014 23:58:00,"0,72761"
08/04/2014 23:58:00,"0,72485"
09/04/2014 23:58:00,"0,72171"
10/04/2014 23:58:00,"0,72012"
11/04/2014 23:58:00,"0,72017"
12/04/2014 23:58:00,"0,72015"
13/04/2014 23:58:00,"0,72228"
14/04/2014 23:58:00,"0,7237"
15/04/2014 23:58:00,"0,72375"
16/04/2014 23:58:00,"0,72367"
17/04/2014 23:58:00,"0,72393"
18/04/2014 23:58:00,"0,72369"
19/04/2014 23:58:00,"0,7238"
20/04/2014 23:58:00,"0,7238"
21/04/2014 23:58:00,"0,72495"
22/04/2014 23:58:00,"0,72421"
23/04/2014 23:58:00,"0,72361"
24/04/2014 23:58:00,"0,72297"
25/04/2014 23:58:00,"0,72273"
26/04/2014 23:58:00,"0,72281"
27/04/2014 23:58:00,"0,72251"
28/04/2014 23:58:00,"0,72183"
29/04/2014 23:58:00,"0,72411"
30/04/2014 23:58:00,"0,72101"
01/05/2014 23:58:00,"0,72091"
02/05/2014 23:58:00,"0,72066"
03/05/2014 23:58:00,"0,72066"
04/05/2014 23:58:00,"0,72062"
05/05/2014 23:58:00,"0,72067"
06/05/2014 23:58:00,"0,71793"
07/05/2014 23:58:00,"0,71888"
08/05/2014 23:58:00,"0,72239"
09/05/2014 23:58:00,"0,72654"
10/05/2014 23:58:00,"0,72669"
11/05/2014 23:58:00,"0,72679"
12/05/2014 23:58:00,"0,72682"
13/05/2014 23:58:00,"0,72966"
14/05/2014 23:58:00,"0,72903"
15/05/2014 23:58:00,"0,72911"
16/05/2014 23:58:00,"0,7302"
17/05/2014 23:58:00,"0,73014"
18/05/2014 23:58:00,"0,73002"
19/05/2014 23:58:00,"0,7295"
20/05/2014 23:58:00,"0,72987"
21/05/2014 23:58:00,"0,73057"
22/05/2014 23:58:00,"0,73225"
23/05/2014 23:58:00,"0,73351"
24/05/2014 23:58:00,"0,73351"
25/05/2014 23:58:00,"0,73379"
26/05/2014 23:58:00,"0,73287"
27/05/2014 23:58:00,"0,7333"
28/05/2014 23:58:00,"0,73553"
29/05/2014 23:58:00,"0,7352"
30/05/2014 23:58:00,"0,73343"
31/05/2014 23:58:00,"0,73343"
01/06/2014 23:58:00,"0,73366"
02/06/2014 23:58:00,"0,73529"
03/06/2014 23:58:00,"0,73362"
04/06/2014 23:58:00,"0,73527"
05/06/2014 23:58:00,"0,73193"
06/06/2014 23:58:00,"0,73288"
07/06/2014 23:58:00,"0,73298"
08/06/2014 23:58:00,"0,73298"
09/06/2014 23:58:00,"0,73563"
10/06/2014 23:58:00,"0,73828"
11/06/2014 23:58:00,"0,73887"
12/06/2014 23:58:00,"0,7379"
13/06/2014 23:58:00,"0,7385"
14/06/2014 23:58:00,"0,7385"
15/06/2014 23:58:00,"0,7389"
16/06/2014 23:58:00,"0,73669"
17/06/2014 23:58:00,"0,73816"
18/06/2014 23:58:00,"0,73589"
19/06/2014 23:58:00,"0,73481"
20/06/2014 23:58:00,"0,73527"
21/06/2014 23:58:00,"0,73519"
22/06/2014 23:58:00,"0,73551"
23/06/2014 23:58:00,"0,73502"
24/06/2014 23:58:00,"0,73499"
25/06/2014 23:58:00,"0,73355"
26/06/2014 23:58:00,"0,73459"
27/06/2014 23:58:00,"0,73259"
28/06/2014 23:58:00,"0,73259"
29/06/2014 23:58:00,"0,73278"
30/06/2014 23:58:00,"0,73033"
01/07/2014 23:58:00,"0,73097"
02/07/2014 23:58:00,"0,73212"
03/07/2014 23:58:00,"0,73472"
04/07/2014 23:58:00,"0,73555"
05/07/2014 23:58:00,"0,7354"
06/07/2014 23:58:00,"0,73583"
07/07/2014 23:58:00,"0,73481"
08/07/2014 23:58:00,"0,73455"
09/07/2014 23:58:00,"0,73303"
10/07/2014 23:58:00,"0,73485"
11/07/2014 23:58:00,"0,73476"
12/07/2014 23:58:00,"0,73475"
13/07/2014 23:58:00,"0,735"
14/07/2014 23:58:00,"0,73413"
15/07/2014 23:58:00,"0,73697"
16/07/2014 23:58:00,"0,73925"
17/07/2014 23:58:00,"0,73955"
18/07/2014 23:58:00,"0,73925"
19/07/2014 23:58:00,"0,73937"
20/07/2014 23:58:00,"0,73901"
21/07/2014 23:58:00,"0,7394"
22/07/2014 23:58:00,"0,7425"
23/07/2014 23:58:00,"0,74298"
24/07/2014 23:58:00,"0,74267"
25/07/2014 23:58:00,"0,74452"
26/07/2014 23:58:00,"0,74449"
27/07/2014 23:58:00,"0,74447"
28/07/2014 23:58:00,"0,74411"
29/07/2014 23:58:00,"0,74562"
30/07/2014 23:58:00,"0,74652"
31/07/2014 23:58:00,"0,74684"
01/08/2014 23:58:00,"0,74437"
02/08/2014 23:58:00,"0,74449"
03/08/2014 23:58:00,"0,74494"
04/08/2014 23:58:00,"0,74505"
05/08/2014 23:58:00,"0,74783"
06/08/2014 23:58:00,"0,74717"
07/08/2014 23:58:00,"0,7485"
08/08/2014 23:58:00,"0,74546"
09/08/2014 23:58:00,"0,74546"
10/08/2014 23:58:00,"0,74587"
11/08/2014 23:58:00,"0,74694"
12/08/2014 23:58:00,"0,748"
13/08/2014 23:58:00,"0,74813"
14/08/2014 23:58:00,"0,74833"
15/08/2014 23:58:00,"0,74621"
16/08/2014 23:58:00,"0,74621"
17/08/2014 23:58:00,"0,74684"
18/08/2014 23:58:00,"0,74839"
19/08/2014 23:58:00,"0,75067"
20/08/2014 23:58:00,"0,75416"
21/08/2014 23:58:00,"0,75294"
22/08/2014 23:58:00,"0,75494"
23/08/2014 23:58:00,"0,75489"
24/08/2014 23:58:00,"0,75809"
25/08/2014 23:58:00,"0,75831"
26/08/2014 23:58:00,"0,7594"
27/08/2014 23:58:00,"0,75789"
28/08/2014 23:58:00,"0,75855"
29/08/2014 23:58:00,"0,76124"
30/08/2014 23:58:00,"0,76124"
31/08/2014 23:58:00,"0,76135"
01/09/2014 23:58:00,"0,76163"
02/09/2014 23:58:00,"0,76132"
03/09/2014 23:58:00,"0,76031"
04/09/2014 23:58:00,"0,77307"
05/09/2014 23:58:00,"0,77203"
06/09/2014 23:58:00,"0,77203"
07/09/2014 23:58:00,"0,77205"
08/09/2014 23:58:00,"0,77525"
09/09/2014 23:58:00,"0,77291"
10/09/2014 23:58:00,"0,77375"
11/09/2014 23:58:00,"0,77378"
12/09/2014 23:58:00,"0,77128"
13/09/2014 23:58:00,"0,77226"
14/09/2014 23:58:00,"0,77128"
15/09/2014 23:58:00,"0,77291"
16/09/2014 23:58:00,"0,77208"
17/09/2014 23:58:00,"0,77883"
18/09/2014 23:58:00,"0,77404"
19/09/2014 23:58:00,"0,7793"
20/09/2014 23:58:00,"0,77936"
21/09/2014 23:58:00,"0,77897"
22/09/2014 23:58:00,"0,7782"
23/09/2014 23:58:00,"0,77833"
24/09/2014 23:58:00,"0,78251"
25/09/2014 23:58:00,"0,78382"
26/09/2014 23:58:00,"0,78826"
27/09/2014 23:58:00,"0,78833"
28/09/2014 23:58:00,"0,78905"
29/09/2014 23:58:00,"0,7879"
30/09/2014 23:58:00,"0,79164"
01/10/2014 23:58:00,"0,79233"
02/10/2014 23:58:00,"0,78922"
03/10/2014 23:58:00,"0,79891"
04/10/2014 23:58:00,"0,79898"
05/10/2014 23:58:00,"0,79937"
06/10/2014 23:58:00,"0,79006"
07/10/2014 23:58:00,"0,78947"
08/10/2014 23:58:00,"0,78551"
09/10/2014 23:58:00,"0,78827"
10/10/2014 23:58:00,"0,79164"
11/10/2014 23:58:00,"0,79183"
12/10/2014 23:58:00,"0,79058"
13/10/2014 23:58:00,"0,7851"
14/10/2014 23:58:00,"0,79089"
15/10/2014 23:58:00,"0,78001"
16/10/2014 23:58:00,"0,78096"
17/10/2014 23:58:00,"0,78366"
18/10/2014 23:58:00,"0,7837"
19/10/2014 23:58:00,"0,78457"
20/10/2014 23:58:00,"0,78149"
21/10/2014 23:58:00,"0,78666"
22/10/2014 23:58:00,"0,79064"
23/10/2014 23:58:00,"0,79039"
24/10/2014 23:58:00,"0,7891"
25/10/2014 23:58:00,"0,7892"
26/10/2014 23:58:00,"0,78876"
27/10/2014 23:58:00,"0,78728"
28/10/2014 23:58:00,"0,78507"
29/10/2014 23:58:00,"0,79151"
30/10/2014 23:58:00,"0,79301"
31/10/2014 23:58:00,"0,79826"
01/11/2014 23:58:00,"0,79826"
02/11/2014 23:58:00,"0,79986"
03/11/2014 23:58:00,"0,80028"
04/11/2014 23:58:00,"0,79665"
05/11/2014 23:58:00,"0,80139"
06/11/2014 23:58:00,"0,80766"
07/11/2014 23:58:00,"0,80263"
08/11/2014 23:58:00,"0,80263"
09/11/2014 23:58:00,"0,80241"
10/11/2014 23:58:00,"0,80446"
11/11/2014 23:58:00,"0,80157"
12/11/2014 23:58:00,"0,80454"
13/11/2014 23:58:00,"0,80167"
14/11/2014 23:58:00,"0,79829"
15/11/2014 23:58:00,"0,79834"
16/11/2014 23:58:00,"0,79867"
17/11/2014 23:58:00,"0,80327"
18/11/2014 23:58:00,"0,79777"
19/11/2014 23:58:00,"0,79746"
20/11/2014 23:58:00,"0,79709"
21/11/2014 23:58:00,"0,80684"
22/11/2014 23:58:00,"0,80697"
23/11/2014 23:58:00,"0,80815"
24/11/2014 23:58:00,"0,80451"
25/11/2014 23:58:00,"0,80134"
26/11/2014 23:58:00,"0,79962"
27/11/2014 23:58:00,"0,80238"
28/11/2014 23:58:00,"0,80296"
29/11/2014 23:58:00,"0,80296"
30/11/2014 23:58:00,"0,80399"
01/12/2014 23:58:00,"0,80197"
02/12/2014 23:58:00,"0,8072"
03/12/2014 23:58:00,"0,81195"
04/12/2014 23:58:00,"0,80739"
05/12/2014 23:58:00,"0,81374"
06/12/2014 23:58:00,"0,81387"
07/12/2014 23:58:00,"0,81294"
08/12/2014 23:58:00,"0,81189"
09/12/2014 23:58:00,"0,80678"
10/12/2014 23:58:00,"0,80315"
11/12/2014 23:58:00,"0,80689"
12/12/2014 23:58:00,"0,80232"
13/12/2014 23:58:00,"0,80231"
14/12/2014 23:58:00,"0,80261"
15/12/2014 23:58:00,"0,80354"
16/12/2014 23:58:00,"0,79923"
17/12/2014 23:58:00,"0,81044"
18/12/2014 23:58:00,"0,81371"
19/12/2014 23:58:00,"0,81756"
20/12/2014 23:58:00,"0,81756"
21/12/2014 23:58:00,"0,81795"
22/12/2014 23:58:00,"0,81826"
23/12/2014 23:58:00,"0,82142"
24/12/2014 23:58:00,"0,81977"
25/12/2014 23:58:00,"0,81913"
26/12/2014 23:58:00,"0,81994"
27/12/2014 23:58:00,"0,81994"
28/12/2014 23:58:00,"0,82171"
29/12/2014 23:58:00,"0,82287"
30/12/2014 23:58:00,"0,82223"
31/12/2014 23:58:00,"0,82654"
01/01/2015 23:58:00,"0,82717"
02/01/2015 23:58:00,"0,83306"
03/01/2015 23:58:00,"0,83306"
04/01/2015 23:58:00,"0,83707"
05/01/2015 23:58:00,"0,83759"
06/01/2015 23:58:00,"0,84208"
07/01/2015 23:58:00,"0,84488"
08/01/2015 23:58:00,"0,84774"
09/01/2015 23:58:00,"0,84425"
10/01/2015 23:58:00,"0,84425"
11/01/2015 23:58:00,"0,84241"
12/01/2015 23:58:00,"0,8452"
13/01/2015 23:58:00,"0,84902"
14/01/2015 23:58:00,"0,84847"
15/01/2015 23:58:00,"0,8593"
16/01/2015 23:58:00,"0,86479"
17/01/2015 23:58:00,"0,86479"
18/01/2015 23:58:00,"0,8646"
19/01/2015 23:58:00,"0,86222"
20/01/2015 23:58:00,"0,86603"
21/01/2015 23:58:00,"0,86093"
22/01/2015 23:58:00,"0,88131"
23/01/2015 23:58:00,"0,89217"
24/01/2015 23:58:00,"0,89217"
25/01/2015 23:58:00,"0,89884"
26/01/2015 23:58:00,"0,88907"
27/01/2015 23:58:00,"0,87971"
28/01/2015 23:58:00,"0,88641"
29/01/2015 23:58:00,"0,88218"
30/01/2015 23:58:00,"0,8859"
31/01/2015 23:58:00,"0,8859"
01/02/2015 23:58:00,"0,88425"
02/02/2015 23:58:00,"0,8817"
03/02/2015 23:58:00,"0,8728"
04/02/2015 23:58:00,"0,88349"
05/02/2015 23:58:00,"0,87169"
06/02/2015 23:58:00,"0,88363"
07/02/2015 23:58:00,"0,88363"
08/02/2015 23:58:00,"0,88383"
09/02/2015 23:58:00,"0,88285"
10/02/2015 23:58:00,"0,88324"
11/02/2015 23:58:00,"0,88402"
12/02/2015 23:58:00,"0,87689"
13/02/2015 23:58:00,"0,87843"
14/02/2015 23:58:00,"0,87843"
15/02/2015 23:58:00,"0,87719"
16/02/2015 23:58:00,"0,8823"
17/02/2015 23:58:00,"0,87683"
18/02/2015 23:58:00,"0,87719"
19/02/2015 23:58:00,"0,87976"
20/02/2015 23:58:00,"0,87866"
21/02/2015 23:58:00,"0,87866"
22/02/2015 23:58:00,"0,87862"
23/02/2015 23:58:00,"0,88238"
24/02/2015 23:58:00,"0,88191"
25/02/2015 23:58:00,"0,88"
26/02/2015 23:58:00,"0,89243"
27/02/2015 23:58:00,"0,89302"
28/02/2015 23:58:00,"0,89302"
01/03/2015 23:58:00,"0,8959"
02/03/2015 23:58:00,"0,89453"
03/03/2015 23:58:00,"0,89428"
04/03/2015 23:58:00,"0,90236"
05/03/2015 23:58:00,"0,90645"
06/03/2015 23:58:00,"0,922"
07/03/2015 23:58:00,"0,922"
08/03/2015 23:58:00,"0,922"
09/03/2015 23:58:00,"0,92307"
10/03/2015 23:58:00,"0,93382"
11/03/2015 23:58:00,"0,94798"
12/03/2015 23:58:00,"0,94106"
13/03/2015 23:58:00,"0,95251"
14/03/2015 23:58:00,"0,95251"
15/03/2015 23:58:00,"0,95405"
16/03/2015 23:58:00,"0,94581"
17/03/2015 23:58:00,"0,94357"
18/03/2015 23:58:00,"0,92166"
19/03/2015 23:58:00,"0,9373"
20/03/2015 23:58:00,"0,92387"
21/03/2015 23:58:00,"0,92387"
22/03/2015 23:58:00,"0,92365"
23/03/2015 23:58:00,"0,91366"
24/03/2015 23:58:00,"0,91726"
25/03/2015 23:58:00,"0,91237"
26/03/2015 23:58:00,"0,91858"
27/03/2015 23:58:00,"0,91802"
28/03/2015 23:58:00,"0,91802"
29/03/2015 23:58:00,"0,9187"
30/03/2015 23:58:00,"0,92334"
31/03/2015 23:58:00,"0,93126"
01/04/2015 23:58:00,"0,92851"
02/04/2015 23:58:00,"0,9199"
03/04/2015 23:58:00,"0,911"
04/04/2015 23:58:00,"0,911"
05/04/2015 23:58:00,"0,90898"
06/04/2015 23:58:00,"0,91451"
07/04/2015 23:58:00,"0,92386"
08/04/2015 23:58:00,"0,92719"
09/04/2015 23:58:00,"0,93729"
10/04/2015 23:58:00,"0,94286"
11/04/2015 23:58:00,"0,94251"
12/04/2015 23:58:00,"0,94252"
13/04/2015 23:58:00,"0,94581"
14/04/2015 23:58:00,"0,93922"
15/04/2015 23:58:00,"0,93661"
16/04/2015 23:58:00,"0,92975"
17/04/2015 23:58:00,"0,92516"
18/04/2015 23:58:00,"0,92516"
19/04/2015 23:58:00,"0,92505"
20/04/2015 23:58:00,"0,93045"
21/04/2015 23:58:00,"0,93095"
22/04/2015 23:58:00,"0,93233"
23/04/2015 23:58:00,"0,92464"
24/04/2015 23:58:00,"0,91947"
25/04/2015 23:58:00,"0,91947"
26/04/2015 23:58:00,"0,92005"
27/04/2015 23:58:00,"0,91929"
28/04/2015 23:58:00,"0,91165"
29/04/2015 23:58:00,"0,89974"
30/04/2015 23:58:00,"0,89169"
01/05/2015 23:58:00,"0,89286"
02/05/2015 23:58:00,"0,89286"
03/05/2015 23:58:00,"0,89398"
04/05/2015 23:58:00,"0,89693"
05/05/2015 23:58:00,"0,89395"
06/05/2015 23:58:00,"0,88172"
07/05/2015 23:58:00,"0,88913"
08/05/2015 23:58:00,"0,89294"
09/05/2015 23:58:00,"0,89294"
10/05/2015 23:58:00,"0,89333"
11/05/2015 23:58:00,"0,89731"
12/05/2015 23:58:00,"0,89115"
13/05/2015 23:58:00,"0,88102"
14/05/2015 23:58:00,"0,87681"
15/05/2015 23:58:00,"0,87326"
16/05/2015 23:58:00,"0,87326"
17/05/2015 23:58:00,"0,87374"
18/05/2015 23:58:00,"0,88291"
19/05/2015 23:58:00,"0,89713"
20/05/2015 23:58:00,"0,90084"
21/05/2015 23:58:00,"0,89994"
22/05/2015 23:58:00,"0,90793"
23/05/2015 23:58:00,"0,90793"
25/05/2015 23:58:00,"0,91148"
26/05/2015 23:58:00,"0,91837"
27/05/2015 23:58:00,"0,91743"
28/05/2015 23:58:00,"0,91238"
29/05/2015 23:58:00,"0,90957"
30/05/2015 23:58:00,"0,90975254"
01/06/2015 23:58:00,"0,9155"
02/06/2015 23:58:00,"0,89686"
03/06/2015 23:58:00,"0,88827"
04/06/2015 23:58:00,"0,89223"
05/06/2015 23:58:00,"0,89952"
06/06/2015 23:58:00,"0,89976606"
08/06/2015 23:58:00,"0,88645"
09/06/2015 23:58:00,"0,88503"
10/06/2015 23:58:00,"0,88402"
11/06/2015 23:58:00,"0,88963"
12/06/2015 23:58:00,"0,88778"
13/06/2015 23:58:00,"0,8880206"
15/06/2015 23:58:00,"0,88676"
16/06/2015 23:58:00,"0,88952"
17/06/2015 23:58:00,"0,87951"
18/06/2015 23:58:00,"0,87945"
19/06/2015 23:58:00,"0,88036"
20/06/2015 23:58:00,"0,8811349"
22/06/2015 23:58:00,"0,88113"
23/06/2015 23:58:00,"0,89508"
24/06/2015 23:58:00,"0,8923"
25/06/2015 23:58:00,"0,89262"
26/06/2015 23:58:00,"0,89526"
27/06/2015 23:58:00,"0,89565606"
29/06/2015 23:58:00,"0,89103"
30/06/2015 23:58:00,"0,89807"
01/07/2015 23:58:00,"0,90632"
02/07/2015 23:58:00,"0,90196"
03/07/2015 23:58:00,"0,89952"
04/07/2015 23:58:00,"0,89976606"
06/07/2015 23:58:00,"0,90506"
07/07/2015 23:58:00,"0,90827"
08/07/2015 23:58:00,"0,90326"
09/07/2015 23:58:00,"0,90391"
10/07/2015 23:58:00,"0,8959"
11/07/2015 23:58:00,"0,8964188"
13/07/2015 23:58:00,"0,90988"
14/07/2015 23:58:00,"0,90843"
15/07/2015 23:58:00,"0,91378"
16/07/2015 23:58:00,"0,91861"
17/07/2015 23:58:00,"0,92311"
18/07/2015 23:58:00,"0,92361688"
20/07/2015 23:58:00,"0,9229"
21/07/2015 23:58:00,"0,91408"
22/07/2015 23:58:00,"0,91516"
23/07/2015 23:58:00,"0,91"
24/07/2015 23:58:00,"0,911"
25/07/2015 23:58:00,"0,91074681"
27/07/2015 23:58:00,"0,90171"
28/07/2015 23:58:00,"0,90367"
29/07/2015 23:58:00,"0,91041"
30/07/2015 23:58:00,"0,91414"
31/07/2015 23:58:00,"0,91021"
01/08/2015 23:58:00,"0,91049804"
03/08/2015 23:58:00,"0,91274"
04/08/2015 23:58:00,"0,91836"
05/08/2015 23:58:00,"0,91717"
06/08/2015 23:58:00,"0,91516"
07/08/2015 23:58:00,"0,91141"
08/08/2015 23:58:00,"0,9119927"
10/08/2015 23:58:00,"0,90769"
11/08/2015 23:58:00,"0,90563"
12/08/2015 23:58:00,"0,89598"
13/08/2015 23:58:00,"0,89598"
14/08/2015 23:58:00,"0,90009"
15/08/2015 23:58:00,"0,90057636"
17/08/2015 23:58:00,"0,90269"
18/08/2015 23:58:00,"0,90655"
19/08/2015 23:58:00,"0,89944"
20/08/2015 23:58:00,"0,88992"
21/08/2015 23:58:00,"0,87789"
22/08/2015 23:58:00,"0,87850303"
24/08/2015 23:58:00,"0,86333"
25/08/2015 23:58:00,"0,86573"
26/08/2015 23:58:00,"0,88183"
27/08/2015 23:58:00,"0,88905"
28/08/2015 23:58:00,"0,89413"
29/08/2015 23:58:00,"0,89437438"
31/08/2015 23:58:00,"0,8908"
01/09/2015 23:58:00,"0,88547"
02/09/2015 23:58:00,"0,89158"
03/09/2015 23:58:00,"0,8988"
04/09/2015 23:58:00,"0,89686"
05/09/2015 23:58:00,"0,89686098"
07/09/2015 23:58:00,"0,89574"
08/09/2015 23:58:00,"0,89227"
09/09/2015 23:58:00,"0,89121"
10/09/2015 23:58:00,"0,88567"
11/09/2015 23:58:00,"0,88203"
12/09/2015 23:58:00,"0,88196643"
14/09/2015 23:58:00,"0,88436"
15/09/2015 23:58:00,"0,88717"
16/09/2015 23:58:00,"0,88558"
17/09/2015 23:58:00,"0,87712"
18/09/2015 23:58:00,"0,88464"
19/09/2015 23:58:00,"0,88479915"
21/09/2015 23:58:00,"0,89358"
22/09/2015 23:58:00,"0,89922"
23/09/2015 23:58:00,"0,89366"
24/09/2015 23:58:00,"0,89454"
25/09/2015 23:58:00,"0,89315"
26/09/2015 23:58:00,"0,89341552"
28/09/2015 23:58:00,"0,89039"
29/09/2015 23:58:00,"0,88842"
30/09/2015 23:58:00,"0,89509"
01/10/2015 23:58:00,"0,89338"
02/10/2015 23:58:00,"0,89186"
03/10/2015 23:58:00,"0,89214024"
05/10/2015 23:58:00,"0,89324"
06/10/2015 23:58:00,"0,88747"
07/10/2015 23:58:00,"0,88968"
08/10/2015 23:58:00,"0,88598"
09/10/2015 23:58:00,"0,88013"
10/10/2015 23:58:00,"0,88074687"
12/10/2015 23:58:00,"0,88063"
13/10/2015 23:58:00,"0,87835"
14/10/2015 23:58:00,"0,87142"
15/10/2015 23:58:00,"0,87965"
16/10/2015 23:58:00,"0,88092"
17/10/2015 23:58:00,"0,88094084"
19/10/2015 23:58:00,"0,88269"
20/10/2015 23:58:00,"0,88075"
21/10/2015 23:58:00,"0,88121"
22/10/2015 23:58:00,"0,90245"
23/10/2015 23:58:00,"0,90728"
24/10/2015 23:58:00,"0,90793535"
26/10/2015 23:58:00,"0,90367"
27/10/2015 23:58:00,"0,90604"
28/10/2015 23:58:00,"0,915"
29/10/2015 23:58:00,"0,9096"
30/10/2015 23:58:00,"0,90835"
31/10/2015 23:58:00,"0,90835"
02/11/2015 23:58:00,"0,90777"
03/11/2015 23:58:00,"0,91208"
04/11/2015 23:58:00,"0,92013"
05/11/2015 23:58:00,"0,91878"
06/11/2015 23:58:00,"0,93098"
07/11/2015 23:58:00,"0,93098"
09/11/2015 23:58:00,"0,92941"
10/11/2015 23:58:00,"0,93131"
11/11/2015 23:58:00,"0,92911"
12/11/2015 23:58:00,"0,92464"
13/11/2015 23:58:00,"0,92819"
14/11/2015 23:58:00,"0,92819"
16/11/2015 23:58:00,"0,93563"
17/11/2015 23:58:00,"0,93951"
18/11/2015 23:58:00,"0,93721"
19/11/2015 23:58:00,"0,9323"
20/11/2015 23:58:00,"0,9389"
21/11/2015 23:58:00,"0,9392317"
22/11/2015 23:58:00,"0,9389"
23/11/2015 23:58:00,"0,93967"
24/11/2015 23:58:00,"0,93951"
25/11/2015 23:58:00,"0,94118"
26/11/2015 23:58:00,"0,943"
27/11/2015 23:58:00,"0,94387"
28/11/2015 23:58:00,"0,94387"
30/11/2015 23:58:00,"0,94581"
01/12/2015 23:58:00,"0,9411"
02/12/2015 23:58:00,"0,94224"
03/12/2015 23:58:00,"0,91609"
04/12/2015 23:58:00,"0,91895"
05/12/2015 23:58:00,"0,91895"
07/12/2015 23:58:00,"0,92302"
08/12/2015 23:58:00,"0,91794"
09/12/2015 23:58:00,"0,90761"
10/12/2015 23:58:00,"0,9134"
11/12/2015 23:58:00,"0,90931"
12/12/2015 23:58:00,"0,90931"
14/12/2015 23:58:00,"0,90967"
15/12/2015 23:58:00,"0,91439"
16/12/2015 23:58:00,"0,91958"
17/12/2015 23:58:00,"0,92216"
18/12/2015 23:58:00,"0,92008"
19/12/2015 23:58:00,"0,92008"
21/12/2015 23:58:00,"0,91634"
22/12/2015 23:58:00,"0,91324"
23/12/2015 23:58:00,"0,91666"
24/12/2015 23:58:00,"0,91158"
25/12/2015 23:58:00,"0,91075"
26/12/2015 23:58:00,"0,91075"
28/12/2015 23:58:00,"0,91114"
29/12/2015 23:58:00,"0,91508"
30/12/2015 23:58:00,"0,91458"
31/12/2015 23:58:00,"0,92089"
01/01/2016 23:58:00,"0,92047"
02/01/2016 23:58:00,"0,92047"
03/01/2016 23:58:00,"0,92123"
04/01/2016 23:58:00,"0,92383"
05/01/2016 23:58:00,"0,93006"
06/01/2016 23:58:00,"0,92792"
07/01/2016 23:58:00,"0,91529"
08/01/2016 23:58:00,"0,91526"
09/01/2016 23:58:00,"0,91526"
10/01/2016 23:58:00,"0,91416"
11/01/2016 23:58:00,"0,9209"
12/01/2016 23:58:00,"0,92217"
13/01/2016 23:58:00,"0,91844"
14/01/2016 23:58:00,"0,921"
15/01/2016 23:58:00,"0,91624"
16/01/2016 23:58:00,"0,91624"
17/01/2016 23:58:00,"0,91583"
18/01/2016 23:58:00,"0,91785"
19/01/2016 23:58:00,"0,91646"
20/01/2016 23:58:00,"0,91937"
21/01/2016 23:58:00,"0,92073"
22/01/2016 23:58:00,"0,92599"
23/01/2016 23:58:00,"0,92599"
24/01/2016 23:58:00,"0,92593"
25/01/2016 23:58:00,"0,92146"
26/01/2016 23:58:00,"0,92039"
27/01/2016 23:58:00,"0,91693"
28/01/2016 23:58:00,"0,91416"
29/01/2016 23:58:00,"0,92317"
30/01/2016 23:58:00,"0,92317"
31/01/2016 23:58:00,"0,92362"
01/02/2016 23:58:00,"0,91771"
02/02/2016 23:58:00,"0,91567"
03/02/2016 23:58:00,"0,90139"
04/02/2016 23:58:00,"0,89286"
05/02/2016 23:58:00,"0,89617"
06/02/2016 23:58:00,"0,89617"
07/02/2016 23:58:00,"0,8971"
08/02/2016 23:58:00,"0,89358"
09/02/2016 23:58:00,"0,88574"
10/02/2016 23:58:00,"0,88621"
11/02/2016 23:58:00,"0,8836"
12/02/2016 23:58:00,"0,88837"
13/02/2016 23:58:00,"0,88837"
14/02/2016 23:58:00,"0,89079"
15/02/2016 23:58:00,"0,8946"
16/02/2016 23:58:00,"0,89726"
17/02/2016 23:58:00,"0,89912"
18/02/2016 23:58:00,"0,90009"
19/02/2016 23:58:00,"0,89823"
20/02/2016 23:58:00,"0,89823"
21/02/2016 23:58:00,"0,89896"
22/02/2016 23:58:00,"0,90686"
23/02/2016 23:58:00,"0,90695"
24/02/2016 23:58:00,"0,90769"
25/02/2016 23:58:00,"0,90711"
26/02/2016 23:58:00,"0,91481"
27/02/2016 23:58:00,"0,91481"
28/02/2016 23:58:00,"0,91525"
29/02/2016 23:58:00,"0,91853"
01/03/2016 23:58:00,"0,91937"
02/03/2016 23:58:00,"0,91996"
03/03/2016 23:58:00,"0,91341"
04/03/2016 23:58:00,"0,90841"
05/03/2016 23:58:00,"0,90841"
06/03/2016 23:58:00,"0,90959"
07/03/2016 23:58:00,"0,90794"
08/03/2016 23:58:00,"0,90893"
09/03/2016 23:58:00,"0,91017"
10/03/2016 23:58:00,"0,89453"
11/03/2016 23:58:00,"0,897"
12/03/2016 23:58:00,"0,897"
13/03/2016 23:58:00,"0,89558"
14/03/2016 23:58:00,"0,90066"
15/03/2016 23:58:00,"0,90009"
16/03/2016 23:58:00,"0,89135"
17/03/2016 23:58:00,"0,88364"
18/03/2016 23:58:00,"0,88726"
19/03/2016 23:58:00,"0,88726"
20/03/2016 23:58:00,"0,88684"
21/03/2016 23:58:00,"0,88992"
22/03/2016 23:58:00,"0,89103"
23/03/2016 23:58:00,"0,89429"
24/03/2016 23:58:00,"0,8955"
25/03/2016 23:58:00,"0,89542"
26/03/2016 23:58:00,"0,89542"
27/03/2016 23:58:00,"0,89606"
28/03/2016 23:58:00,"0,89254"
29/03/2016 23:58:00,"0,88558"
30/03/2016 23:58:00,"0,88225"
31/03/2016 23:58:00,"0,87873"
01/04/2016 23:58:00,"0,87752"
02/04/2016 23:58:00,"0,87752"
03/04/2016 23:58:00,"0,87791"
04/04/2016 23:58:00,"0,87804"
05/04/2016 23:58:00,"0,8785"
06/04/2016 23:58:00,"0,87703"
07/04/2016 23:58:00,"0,87941"
08/04/2016 23:58:00,"0,87723"
09/04/2016 23:58:00,"0,87723"
10/04/2016 23:58:00,"0,87665"
11/04/2016 23:58:00,"0,87626"
12/04/2016 23:58:00,"0,87827"
13/04/2016 23:58:00,"0,88652"
14/04/2016 23:58:00,"0,8877"
15/04/2016 23:58:00,"0,88603"
16/04/2016 23:58:00,"0,88603"
17/04/2016 23:58:00,"0,88496"
18/04/2016 23:58:00,"0,88417"
19/04/2016 23:58:00,"0,88037"
20/04/2016 23:58:00,"0,88456"
21/04/2016 23:58:00,"0,8855"
22/04/2016 23:58:00,"0,89081"
23/04/2016 23:58:00,"0,89103"
24/04/2016 23:58:00,"0,89023"
25/04/2016 23:58:00,"0,88739"
26/04/2016 23:58:00,"0,88503"
27/04/2016 23:58:00,"0,88269"
28/04/2016 23:58:00,"0,88044"
29/04/2016 23:58:00,"0,87349"
30/04/2016 23:58:00,"0,87349"
01/05/2016 23:58:00,"0,8723"
02/05/2016 23:58:00,"0,86772"
03/05/2016 23:58:00,"0,86941"
04/05/2016 23:58:00,"0,87009"
05/05/2016 23:58:00,"0,87681"
06/05/2016 23:58:00,"0,87682"
07/05/2016 23:58:00,"0,87682"
08/05/2016 23:58:00,"0,87796"
09/05/2016 23:58:00,"0,87827"
10/05/2016 23:58:00,"0,87921"
11/05/2016 23:58:00,"0,8752"
12/05/2016 23:58:00,"0,8791"
13/05/2016 23:58:00,"0,88426"
14/05/2016 23:58:00,"0,88426"
15/05/2016 23:58:00,"0,88355"
16/05/2016 23:58:00,"0,8837"
17/05/2016 23:58:00,"0,8837"
18/05/2016 23:58:00,"0,89111"
19/05/2016 23:58:00,"0,8926"
20/05/2016 23:58:00,"0,89093"
21/05/2016 23:58:00,"0,89093"
22/05/2016 23:58:00,"0,89103"
23/05/2016 23:58:00,"0,89166"
24/05/2016 23:58:00,"0,89791"
25/05/2016 23:58:00,"0,8963"
26/05/2016 23:58:00,"0,89342"
27/05/2016 23:58:00,"0,89985"
28/05/2016 23:58:00,"0,89985"
29/05/2016 23:58:00,"0,90001"
30/05/2016 23:58:00,"0,89694"
31/05/2016 23:58:00,"0,89806"
01/06/2016 23:58:00,"0,89373"
02/06/2016 23:58:00,"0,89654"
03/06/2016 23:58:00,"0,87969"
04/06/2016 23:58:00,"0,87969"
05/06/2016 23:58:00,"0,88106"
06/06/2016 23:58:00,"0,87989"
07/06/2016 23:58:00,"0,88044"
08/06/2016 23:58:00,"0,87691"
09/06/2016 23:58:00,"0,88394"
10/06/2016 23:58:00,"0,88866"
11/06/2016 23:58:00,"0,88866"
12/06/2016 23:58:00,"0,88968"
13/06/2016 23:58:00,"0,88582"
14/06/2016 23:58:00,"0,8919"
15/06/2016 23:58:00,"0,88778"
16/06/2016 23:58:00,"0,88841"
17/06/2016 23:58:00,"0,88673"
18/06/2016 23:58:00,"0,88673"
19/06/2016 23:58:00,"0,88113"
20/06/2016 23:58:00,"0,88316"
21/06/2016 23:58:00,"0,88892"
22/06/2016 23:58:00,"0,88277"
23/06/2016 23:58:00,"0,88261"
24/06/2016 23:58:00,"0,89912"
25/06/2016 23:58:00,"0,89912"
26/06/2016 23:58:00,"0,90621"
27/06/2016 23:58:00,"0,90777"
28/06/2016 23:58:00,"0,90302"
29/06/2016 23:58:00,"0,89888"
30/06/2016 23:58:00,"0,90043"
01/07/2016 23:58:00,"0,89764"
02/07/2016 23:58:00,"0,89764"
03/07/2016 23:58:00,"0,89839"
04/07/2016 23:58:00,"0,8971"
05/07/2016 23:58:00,"0,90367"
06/07/2016 23:58:00,"0,9009"
07/07/2016 23:58:00,"0,90369"
08/07/2016 23:58:00,"0,90482"
09/07/2016 23:58:00,"0,90482"
10/07/2016 23:58:00,"0,90522"
11/07/2016 23:58:00,"0,90432"
12/07/2016 23:58:00,"0,90395"
13/07/2016 23:58:00,"0,90124"
14/07/2016 23:58:00,"0,90038"
15/07/2016 23:58:00,"0,90604"
16/07/2016 23:58:00,"0,90604"
17/07/2016 23:58:00,"0,90454"
18/07/2016 23:58:00,"0,90323"
19/07/2016 23:58:00,"0,90797"
20/07/2016 23:58:00,"0,90756"
21/07/2016 23:58:00,"0,90638"
22/07/2016 23:58:00,"0,91104"
23/07/2016 23:58:00,"0,91104"
24/07/2016 23:58:00,"0,91164"
25/07/2016 23:58:00,"0,90982"
26/07/2016 23:58:00,"0,91007"
27/07/2016 23:58:00,"0,90358"
28/07/2016 23:58:00,"0,90225"
29/07/2016 23:58:00,"0,89461"
30/07/2016 23:58:00,"0,89461"
31/07/2016 23:58:00,"0,89542"
01/08/2016 23:58:00,"0,89542"
02/08/2016 23:58:00,"0,89134"
03/08/2016 23:58:00,"0,89667"
04/08/2016 23:58:00,"0,89811"
05/08/2016 23:58:00,"0,90185"
06/08/2016 23:58:00,"0,90185"
07/08/2016 23:58:00,"0,90185"
08/08/2016 23:58:00,"0,90209"
09/08/2016 23:58:00,"0,89943"
10/08/2016 23:58:00,"0,89397"
11/08/2016 23:58:00,"0,89774"
12/08/2016 23:58:00,"0,89566"
13/08/2016 23:58:00,"0,89566"
14/08/2016 23:58:00,"0,8955"
15/08/2016 23:58:00,"0,89413"
16/08/2016 23:58:00,"0,88668"
17/08/2016 23:58:00,"0,8849"
18/08/2016 23:58:00,"0,8811"
19/08/2016 23:58:00,"0,88297"
20/08/2016 23:58:00,"0,88297"
21/08/2016 23:58:00,"0,8849"
22/08/2016 23:58:00,"0,8833"
23/08/2016 23:58:00,"0,8846"
24/08/2016 23:58:00,"0,8878"
25/08/2016 23:58:00,"0,8858"
26/08/2016 23:58:00,"0,89305"
27/08/2016 23:58:00,"0,89305"
28/08/2016 23:58:00,"0,8929"
29/08/2016 23:58:00,"0,8934"
30/08/2016 23:58:00,"0,8968"
31/08/2016 23:58:00,"0,8961"
01/09/2016 23:58:00,"0,8928"
02/09/2016 23:58:00,"0,89614"
03/09/2016 23:58:00,"0,89638"
04/09/2016 23:58:00,"0,89606"
05/09/2016 23:58:00,"0,89669"
06/09/2016 23:58:00,"0,889"
07/09/2016 23:58:00,"0,8896"
08/09/2016 23:58:00,"0,8872"
09/09/2016 23:58:00,"0,89018"
10/09/2016 23:58:00,"0,89031"
11/09/2016 23:58:00,"0,88964"
12/09/2016 23:58:00,"0,88958"
13/09/2016 23:58:00,"0,8911"
14/09/2016 23:58:00,"0,889"
15/09/2016 23:58:00,"0,889"
16/09/2016 23:58:00,"0,89613"
17/09/2016 23:58:00,"0,89613"
18/09/2016 23:58:00,"0,89617"
19/09/2016 23:58:00,"0,8945"
20/09/2016 23:58:00,"0,89653"
21/09/2016 23:58:00,"0,8934"
22/09/2016 23:58:00,"0,89211"
23/09/2016 23:58:00,"0,89069"
24/09/2016 23:58:00,"0,89095"
25/09/2016 23:58:00,"0,88976"
26/09/2016 23:58:00,"0,8889"
27/09/2016 23:58:00,"0,8913"
28/09/2016 23:58:00,"0,89096"
29/09/2016 23:58:00,"0,89129"
30/09/2016 23:58:00,"0,88941"
01/10/2016 23:58:00,"0,89008"
02/10/2016 23:58:00,"0,89018"
03/10/2016 23:58:00,"0,8919"
04/10/2016 23:58:00,"0,8919"
05/10/2016 23:58:00,"0,89232"
06/10/2016 23:58:00,"0,89734"
07/10/2016 23:58:00,"0,89277"
08/10/2016 23:58:00,"0,89277"
09/10/2016 23:58:00,"0,89331"
10/10/2016 23:58:00,"0,8974"
11/10/2016 23:58:00,"0,9042"
12/10/2016 23:58:00,"0,90812"
13/10/2016 23:58:00,"0,90499"
14/10/2016 23:58:00,"0,91137"
15/10/2016 23:58:00,"0,91141"
16/10/2016 23:58:00,"0,9117"
17/10/2016 23:58:00,"0,908"
18/10/2016 23:58:00,"0,9111"
19/10/2016 23:58:00,"0,91115"
20/10/2016 23:58:00,"0,9148"
21/10/2016 23:58:00,"0,91856"
22/10/2016 23:58:00,"0,91853"
23/10/2016 23:58:00,"0,91886"
24/10/2016 23:58:00,"0,9195"
25/10/2016 23:58:00,"0,91851"
26/10/2016 23:58:00,"0,9165"
27/10/2016 23:58:00,"0,9175"
28/10/2016 23:58:00,"0,91013"
29/10/2016 23:58:00,"0,91"
30/10/2016 23:58:00,"0,91044"
31/10/2016 23:58:00,"0,9113"
01/11/2016 23:58:00,"0,9043"
02/11/2016 23:58:00,"0,9011"
03/11/2016 23:58:00,"0,9007"
04/11/2016 23:58:00,"0,89745"
05/11/2016 23:58:00,"0,89767"
06/11/2016 23:58:00,"0,9011"
07/11/2016 23:58:00,"0,90494"
08/11/2016 23:58:00,"0,90759"
09/11/2016 23:58:00,"0,9156"
10/11/2016 23:58:00,"0,91832"
11/11/2016 23:58:00,"0,921"
12/11/2016 23:58:00,"0,921"
13/11/2016 23:58:00,"0,9238"
14/11/2016 23:58:00,"0,9304"
15/11/2016 23:58:00,"0,9322"
16/11/2016 23:58:00,"0,9338"
17/11/2016 23:58:00,"0,9413"
18/11/2016 23:58:00,"0,94429"
19/11/2016 23:58:00,"0,94429"
20/11/2016 23:58:00,"0,9448"
21/11/2016 23:58:00,"0,93995"
22/11/2016 23:58:00,"0,9404"
23/11/2016 23:58:00,"0,9483"
24/11/2016 23:58:00,"0,9468"
25/11/2016 23:58:00,"0,94366"
26/11/2016 23:58:00,"0,94366"
27/11/2016 23:58:00,"0,9423"
28/11/2016 23:58:00,"0,9415"
29/11/2016 23:58:00,"0,9391"
30/11/2016 23:58:00,"0,9441"
01/12/2016 23:58:00,"0,93781"
02/12/2016 23:58:00,"0,93747"
03/12/2016 23:58:00,"0,93747"
04/12/2016 23:58:00,"0,945"
05/12/2016 23:58:00,"0,9296"
06/12/2016 23:58:00,"0,9328"
07/12/2016 23:58:00,"0,9292"
08/12/2016 23:58:00,"0,9415"
09/12/2016 23:58:00,"0,94683"
10/12/2016 23:58:00,"0,94683"
11/12/2016 23:58:00,"0,9481"
12/12/2016 23:58:00,"0,9397"
13/12/2016 23:58:00,"0,9408"
14/12/2016 23:58:00,"0,9511"
15/12/2016 23:58:00,"0,9598"
16/12/2016 23:58:00,"0,95655"
17/12/2016 23:58:00,"0,95648"
18/12/2016 23:58:00,"0,95694"
19/12/2016 23:58:00,"0,961"
20/12/2016 23:58:00,"0,96242"
21/12/2016 23:58:00,"0,9589"
22/12/2016 23:58:00,"0,95807"
23/12/2016 23:58:00,"0,95664"
24/12/2016 23:58:00,"0,95611"
25/12/2016 23:58:00,"0,9565"
26/12/2016 23:58:00,"0,9563"
27/12/2016 23:58:00,"0,95581"
28/12/2016 23:58:00,"0,95997"
29/12/2016 23:58:00,"0,9456"
30/12/2016 23:58:00,"0,94994"
31/12/2016 23:58:00,"0,95057"
01/01/2017 23:58:00,"0,94994"
02/01/2017 23:58:00,"0,95602"
03/01/2017 23:58:00,"0,9597"
04/01/2017 23:58:00,"0,9523"
05/01/2017 23:58:00,"0,94287"
06/01/2017 23:58:00,"0,94923"
07/01/2017 23:58:00,"0,9494"
08/01/2017 23:58:00,"0,9495"
09/01/2017 23:58:00,"0,94441"
10/01/2017 23:58:00,"0,94765"
11/01/2017 23:58:00,"0,9436"
12/01/2017 23:58:00,"0,9419"
13/01/2017 23:58:00,"0,93943"
14/01/2017 23:58:00,"0,93932"
15/01/2017 23:58:00,"0,94085"
16/01/2017 23:58:00,"0,94313"
17/01/2017 23:58:00,"0,93486"
18/01/2017 23:58:00,"0,94093"
19/01/2017 23:58:00,"0,93811"
20/01/2017 23:58:00,"0,93518"
21/01/2017 23:58:00,"0,93423"
22/01/2017 23:58:00,"0,93338"
23/01/2017 23:58:00,"0,9293"
24/01/2017 23:58:00,"0,93208"
25/01/2017 23:58:00,"0,93006"
26/01/2017 23:58:00,"0,93607"
27/01/2017 23:58:00,"0,93468"
28/01/2017 23:58:00,"0,93468"
29/01/2017 23:58:00,"0,93336"
30/01/2017 23:58:00,"0,93383"
31/01/2017 23:58:00,"0,9256"
01/02/2017 23:58:00,"0,92873"
02/02/2017 23:58:00,"0,92922"
03/02/2017 23:58:00,"0,927"
04/02/2017 23:58:00,"0,927"
05/02/2017 23:58:00,"0,92739"
06/02/2017 23:58:00,"0,93082"
07/02/2017 23:58:00,"0,9365"
08/02/2017 23:58:00,"0,93526"
09/02/2017 23:58:00,"0,93821"
10/02/2017 23:58:00,"0,93966"
11/02/2017 23:58:00,"0,93966"
12/02/2017 23:58:00,"0,94166"
13/02/2017 23:58:00,"0,94353"
14/02/2017 23:58:00,"0,94533"
15/02/2017 23:58:00,"0,94274"
16/02/2017 23:58:00,"0,93701"
17/02/2017 23:58:00,"0,94181"
18/02/2017 23:58:00,"0,94181"
19/02/2017 23:58:00,"0,94103"
20/02/2017 23:58:00,"0,94256"
21/02/2017 23:58:00,"0,94858"
22/02/2017 23:58:00,"0,9475"
23/02/2017 23:58:00,"0,94478"
24/02/2017 23:58:00,"0,94682"
25/02/2017 23:58:00,"0,94661"
26/02/2017 23:58:00,"0,94762"
27/02/2017 23:58:00,"0,9448"
28/02/2017 23:58:00,"0,94615"
01/03/2017 23:58:00,"0,94914"
02/03/2017 23:58:00,"0,9515"
03/03/2017 23:58:00,"0,94119"
04/03/2017 23:58:00,"0,94119"
05/03/2017 23:58:00,"0,94158"
06/03/2017 23:58:00,"0,94525"
07/03/2017 23:58:00,"0,94606"
08/03/2017 23:58:00,"0,9481"
09/03/2017 23:58:00,"0,94532"
10/03/2017 23:58:00,"0,93662"
12/03/2017 23:58:00,"0,93545"
13/03/2017 23:58:00,"0,93884"
14/03/2017 23:58:00,"0,94229"
15/03/2017 23:58:00,"0,93128"
16/03/2017 23:58:00,"0,9281"
17/03/2017 23:58:00,"0,9312"
18/03/2017 23:58:00,"0,93058"
19/03/2017 23:58:00,"0,93084"
20/03/2017 23:58:00,"0,9313"
21/03/2017 23:58:00,"0,92486"
22/03/2017 23:58:00,"0,92677"
23/03/2017 23:58:00,"0,92731"
24/03/2017 23:58:00,"0,9258"
25/03/2017 23:58:00,"0,92533"
26/03/2017 23:58:00,"0,9217"
27/03/2017 23:58:00,"0,92073"
28/03/2017 23:58:00,"0,92441"
29/03/2017 23:58:00,"0,9294"
30/03/2017 23:58:00,"0,93571"
31/03/2017 23:58:00,"0,93839"
01/04/2017 23:58:00,"0,93839"
02/04/2017 23:58:00,"0,93731"
03/04/2017 23:58:00,"0,9372"
04/04/2017 23:58:00,"0,9363"
05/04/2017 23:58:00,"0,93699"
06/04/2017 23:58:00,"0,93944"
07/04/2017 23:58:00,"0,94415"
08/04/2017 23:58:00,"0,94415"
09/04/2017 23:58:00,"0,945"
10/04/2017 23:58:00,"0,94361"
11/04/2017 23:58:00,"0,94239"
12/04/2017 23:58:00,"0,93715"
13/04/2017 23:58:00,"0,94194"
14/04/2017 23:58:00,"0,94213"
15/04/2017 23:58:00,"0,94206"
16/04/2017 23:58:00,"0,94246"
17/04/2017 23:58:00,"0,93945"
18/04/2017 23:58:00,"0,93208"
19/04/2017 23:58:00,"0,93327"
20/04/2017 23:58:00,"0,93328"
21/04/2017 23:58:00,"0,93214"
22/04/2017 23:58:00,"0,93214"
23/04/2017 23:58:00,"0,91963"
24/04/2017 23:58:00,"0,9204"
25/04/2017 23:58:00,"0,91506"
26/04/2017 23:58:00,"0,91668"
27/04/2017 23:58:00,"0,92045"
28/04/2017 23:58:00,"0,91763"
29/04/2017 23:58:00,"0,91763"
30/04/2017 23:58:00,"0,9168"
01/05/2017 23:58:00,"0,91668"
02/05/2017 23:58:00,"0,91444"
03/05/2017 23:58:00,"0,91836"
04/05/2017 23:58:00,"0,91062"
05/05/2017 23:58:00,"0,90911"
06/05/2017 23:58:00,"0,90911"
07/05/2017 23:58:00,"0,91198"
08/05/2017 23:58:00,"0,9151"
09/05/2017 23:58:00,"0,91854"
10/05/2017 23:58:00,"0,9199"
11/05/2017 23:58:00,"0,92039"
12/05/2017 23:58:00,"0,91464"
13/05/2017 23:58:00,"0,91464"
14/05/2017 23:58:00,"0,91514"
15/05/2017 23:58:00,"0,9106"
16/05/2017 23:58:00,"0,90139"
17/05/2017 23:58:00,"0,89635"
18/05/2017 23:58:00,"0,8998"
19/05/2017 23:58:00,"0,89224"
20/05/2017 23:58:00,"0,89224"
21/05/2017 23:58:00,"0,89247"
22/05/2017 23:58:00,"0,88977"
23/05/2017 23:58:00,"0,89451"
24/05/2017 23:58:00,"0,8904"
25/05/2017 23:58:00,"0,892"
26/05/2017 23:58:00,"0,89427"
27/05/2017 23:58:00,"0,89405"
28/05/2017 23:58:00,"0,89477"
29/05/2017 23:58:00,"0,89855"
30/05/2017 23:58:00,"0,89512"
31/05/2017 23:58:00,"0,8894"
01/06/2017 23:58:00,"0,8916"
02/06/2017 23:58:00,"0,88628"
03/06/2017 23:58:00,"0,88605"
04/06/2017 23:58:00,"0,88646"
05/06/2017 23:58:00,"0,88835"
06/06/2017 23:58:00,"0,8872"
07/06/2017 23:58:00,"0,88848"
08/06/2017 23:58:00,"0,89407"
09/06/2017 23:58:00,"0,89315"
10/06/2017 23:58:00,"0,89326"
11/06/2017 23:58:00,"0,8927"
12/06/2017 23:58:00,"0,89316"
13/06/2017 23:58:00,"0,89215"
14/06/2017 23:58:00,"0,8916"
15/06/2017 23:58:00,"0,89711"
16/06/2017 23:58:00,"0,89306"
17/06/2017 23:58:00,"0,89389"
18/06/2017 23:58:00,"0,8934"
19/06/2017 23:58:00,"0,8973"
20/06/2017 23:58:00,"0,89791"
21/06/2017 23:58:00,"0,89548"
22/06/2017 23:58:00,"0,89689"
23/06/2017 23:58:00,"0,89333"
24/06/2017 23:58:00,"0,89333"
25/06/2017 23:58:00,"0,89295"
26/06/2017 23:58:00,"0,89417"
27/06/2017 23:58:00,"0,8819"
28/06/2017 23:58:00,"0,87853"
29/06/2017 23:58:00,"0,874"
30/06/2017 23:58:00,"0,87522"
01/07/2017 23:58:00,"0,87497"
02/07/2017 23:58:00,"0,87542"
03/07/2017 23:58:00,"0,8794"
04/07/2017 23:58:00,"0,88027"
05/07/2017 23:58:00,"0,8813"
06/07/2017 23:58:00,"0,87529"
07/07/2017 23:58:00,"0,87699"
08/07/2017 23:58:00,"0,87699"
09/07/2017 23:58:00,"0,8769"
10/07/2017 23:58:00,"0,87745"
11/07/2017 23:58:00,"0,87154"
12/07/2017 23:58:00,"0,87574"
13/07/2017 23:58:00,"0,87689"
14/07/2017 23:58:00,"0,87183"
15/07/2017 23:58:00,"0,87183"
16/07/2017 23:58:00,"0,87143"
17/07/2017 23:58:00,"0,87151"
18/07/2017 23:58:00,"0,86582"
19/07/2017 23:58:00,"0,86742"
20/07/2017 23:58:00,"0,85994"
21/07/2017 23:58:00,"0,85741"
22/07/2017 23:58:00,"0,85741"
23/07/2017 23:58:00,"0,85604"
24/07/2017 23:58:00,"0,85919"
25/07/2017 23:58:00,"0,85877"
26/07/2017 23:58:00,"0,85266"
27/07/2017 23:58:00,"0,85553"
28/07/2017 23:58:00,"0,85098"
29/07/2017 23:58:00,"0,85063"
30/07/2017 23:58:00,"0,85126"
31/07/2017 23:58:00,"0,84573"
01/08/2017 23:58:00,"0,84665"
02/08/2017 23:58:00,"0,8438"
03/08/2017 23:58:00,"0,8414"
04/08/2017 23:58:00,"0,84933"
05/08/2017 23:58:00,"0,84933"
06/08/2017 23:58:00,"0,84901"
07/08/2017 23:58:00,"0,84739"
08/08/2017 23:58:00,"0,85073"
09/08/2017 23:58:00,"0,85023"
10/08/2017 23:58:00,"0,8496"
11/08/2017 23:58:00,"0,84589"
12/08/2017 23:58:00,"0,84595"
13/08/2017 23:58:00,"0,84563"
14/08/2017 23:58:00,"0,8492"
15/08/2017 23:58:00,"0,8517"
16/08/2017 23:58:00,"0,84931"
17/08/2017 23:58:00,"0,85357"
18/08/2017 23:58:00,"0,85019"
19/08/2017 23:58:00,"0,85012"
20/08/2017 23:58:00,"0,85061"
21/08/2017 23:58:00,"0,8466"
22/08/2017 23:58:00,"0,85018"
23/08/2017 23:58:00,"0,84627"
24/08/2017 23:58:00,"0,8473"
25/08/2017 23:58:00,"0,83873"
26/08/2017 23:58:00,"0,83843"
27/08/2017 23:58:00,"0,83669"
28/08/2017 23:58:00,"0,83585"
29/08/2017 23:58:00,"0,83539"
30/08/2017 23:58:00,"0,8408"
31/08/2017 23:58:00,"0,8396"
01/09/2017 23:58:00,"0,84306"
02/09/2017 23:58:00,"0,84289"
03/09/2017 23:58:00,"0,84155"
04/09/2017 23:58:00,"0,8408"
05/09/2017 23:58:00,"0,83864"
06/09/2017 23:58:00,"0,83838"
07/09/2017 23:58:00,"0,83132"
08/09/2017 23:58:00,"0,83081"
09/09/2017 23:58:00,"0,83063"
10/09/2017 23:58:00,"0,83211"
11/09/2017 23:58:00,"0,83616"
12/09/2017 23:58:00,"0,8351"
13/09/2017 23:58:00,"0,841"
14/09/2017 23:58:00,"0,83881"
15/09/2017 23:58:00,"0,83696"
16/09/2017 23:58:00,"0,83696"
17/09/2017 23:58:00,"0,83772"
18/09/2017 23:58:00,"0,83617"
19/09/2017 23:58:00,"0,83385"
20/09/2017 23:58:00,"0,84231"
21/09/2017 23:58:00,"0,83713"
22/09/2017 23:58:00,"0,83697"
23/09/2017 23:58:00,"0,83697"
24/09/2017 23:58:00,"0,83842"
25/09/2017 23:58:00,"0,84348"
26/09/2017 23:58:00,"0,84846"
27/09/2017 23:58:00,"0,85109"
28/09/2017 23:58:00,"0,84877"
29/09/2017 23:58:00,"0,85167"
30/09/2017 23:58:00,"0,85167"
01/10/2017 23:58:00,"0,84693"
02/10/2017 23:58:00,"0,85224"
03/10/2017 23:58:00,"0,85124"
04/10/2017 23:58:00,"0,85054"
05/10/2017 23:58:00,"0,8538"
06/10/2017 23:58:00,"0,8523"
07/10/2017 23:58:00,"0,85215"
08/10/2017 23:58:00,"0,85161"
09/10/2017 23:58:00,"0,85167"
10/10/2017 23:58:00,"0,84639"
11/10/2017 23:58:00,"0,84278"
12/10/2017 23:58:00,"0,84518"
13/10/2017 23:58:00,"0,84583"
14/10/2017 23:58:00,"0,84581"
15/10/2017 23:58:00,"0,84645"
16/10/2017 23:58:00,"0,84785"
17/10/2017 23:58:00,"0,84948"
18/10/2017 23:58:00,"0,8478"
19/10/2017 23:58:00,"0,84402"
20/10/2017 23:58:00,"0,84839"
21/10/2017 23:58:00,"0,84868"
22/10/2017 23:58:00,"0,8508"
23/10/2017 23:58:00,"0,8504"
24/10/2017 23:58:00,"0,85041"
25/10/2017 23:58:00,"0,84597"
26/10/2017 23:58:00,"0,85931"
27/10/2017 23:58:00,"0,86131"
28/10/2017 23:58:00,"0,86131"
29/10/2017 23:58:00,"0,86173"
30/10/2017 23:58:00,"0,85817"
31/10/2017 23:58:00,"0,85824"
01/11/2017 23:58:00,"0,85994"
02/11/2017 23:58:00,"0,8575"
03/11/2017 23:58:00,"0,86145"
04/11/2017 23:58:00,"0,86051"
05/11/2017 23:58:00,"0,86096"
06/11/2017 23:58:00,"0,86113"
07/11/2017 23:58:00,"0,86199"
08/11/2017 23:58:00,"0,8623"
09/11/2017 23:58:00,"0,8586"
10/11/2017 23:58:00,"0,85713"
11/11/2017 23:58:00,"0,85713"
12/11/2017 23:58:00,"0,85755"
13/11/2017 23:58:00,"0,85727"
14/11/2017 23:58:00,"0,84797"
15/11/2017 23:58:00,"0,84866"
16/11/2017 23:58:00,"0,84908"
17/11/2017 23:58:00,"0,84792"
18/11/2017 23:58:00,"0,84792"
19/11/2017 23:58:00,"0,85238"
20/11/2017 23:58:00,"0,8517"
21/11/2017 23:58:00,"0,85199"
22/11/2017 23:58:00,"0,8464"
23/11/2017 23:58:00,"0,8436"
24/11/2017 23:58:00,"0,83795"
25/11/2017 23:58:00,"0,83801"
26/11/2017 23:58:00,"0,83847"
27/11/2017 23:58:00,"0,83999"
28/11/2017 23:58:00,"0,84402"
29/11/2017 23:58:00,"0,84374"
30/11/2017 23:58:00,"0,84046"
01/12/2017 23:58:00,"0,84038"
02/12/2017 23:58:00,"0,84038"
03/12/2017 23:58:00,"0,84318"
04/12/2017 23:58:00,"0,84262"
05/12/2017 23:58:00,"0,8451"
06/12/2017 23:58:00,"0,84715"
07/12/2017 23:58:00,"0,84946"
08/12/2017 23:58:00,"0,84917"
09/12/2017 23:58:00,"0,84983"
10/12/2017 23:58:00,"0,84962"
11/12/2017 23:58:00,"0,84907"
12/12/2017 23:58:00,"0,8516"
13/12/2017 23:58:00,"0,84489"
14/12/2017 23:58:00,"0,84926"
15/12/2017 23:58:00,"0,85098"
16/12/2017 23:58:00,"0,85098"
17/12/2017 23:58:00,"0,85153"
18/12/2017 23:58:00,"0,84859"
19/12/2017 23:58:00,"0,8445"
20/12/2017 23:58:00,"0,84188"
21/12/2017 23:58:00,"0,84336"
22/12/2017 23:58:00,"0,84285"
23/12/2017 23:58:00,"0,8431"
24/12/2017 23:58:00,"0,84345"
25/12/2017 23:58:00,"0,84228"
26/12/2017 23:58:00,"0,84332"
27/12/2017 23:58:00,"0,84028"
28/12/2017 23:58:00,"0,8374"
29/12/2017 23:58:00,"0,83283"
30/12/2017 23:58:00,"0,83333"
31/12/2017 23:58:00,"0,83299"
01/01/2018 23:58:00,"0,83253"
02/01/2018 23:58:00,"0,82895"
03/01/2018 23:58:00,"0,83261"
04/01/2018 23:58:00,"0,82858"
05/01/2018 23:58:00,"0,8311"
06/01/2018 23:58:00,"0,8311"
07/01/2018 23:58:00,"0,83074"
08/01/2018 23:58:00,"0,83539"
09/01/2018 23:58:00,"0,83827"
10/01/2018 23:58:00,"0,83639"
11/01/2018 23:58:00,"0,83042"
12/01/2018 23:58:00,"0,81933"
13/01/2018 23:58:00,"0,81981"
14/01/2018 23:58:00,"0,82019"
15/01/2018 23:58:00,"0,8151"
16/01/2018 23:58:00,"0,81491"
17/01/2018 23:58:00,"0,82075"
18/01/2018 23:58:00,"0,81722"
19/01/2018 23:58:00,"0,81792"
20/01/2018 23:58:00,"0,81792"
21/01/2018 23:58:00,"0,81596"
22/01/2018 23:58:00,"0,81591"
23/01/2018 23:58:00,"0,81233"
24/01/2018 23:58:00,"0,80703"
25/01/2018 23:58:00,"0,80695"
26/01/2018 23:58:00,"0,80451"
27/01/2018 23:58:00,"0,80451"
28/01/2018 23:58:00,"0,80463"
29/01/2018 23:58:00,"0,80768"
30/01/2018 23:58:00,"0,80583"
31/01/2018 23:58:00,"0,80524"
01/02/2018 23:58:00,"0,79936"
02/02/2018 23:58:00,"0,80231"
03/02/2018 23:58:00,"0,80231"
04/02/2018 23:58:00,"0,80341"
05/02/2018 23:58:00,"0,80855"
06/02/2018 23:58:00,"0,80767"
07/02/2018 23:58:00,"0,81512"
08/02/2018 23:58:00,"0,81561"
09/02/2018 23:58:00,"0,81653"
10/02/2018 23:58:00,"0,81653"
11/02/2018 23:58:00,"0,81614"
12/02/2018 23:58:00,"0,81276"
13/02/2018 23:58:00,"0,80947"
14/02/2018 23:58:00,"0,8021"
15/02/2018 23:58:00,"0,79977"
16/02/2018 23:58:00,"0,80587"
17/02/2018 23:58:00,"0,80587"
18/02/2018 23:58:00,"0,80568"
19/02/2018 23:58:00,"0,80654"
20/02/2018 23:58:00,"0,81068"
21/02/2018 23:58:00,"0,81421"
22/02/2018 23:58:00,"0,81125"
23/02/2018 23:58:00,"0,81327"
24/02/2018 23:58:00,"0,81327"
25/02/2018 23:58:00,"0,81386"
26/02/2018 23:58:00,"0,81198"
27/02/2018 23:58:00,"0,81764"
28/02/2018 23:58:00,"0,82026"
01/03/2018 23:58:00,"0,81494"
02/03/2018 23:58:00,"0,81169"
03/03/2018 23:58:00,"0,81169"
04/03/2018 23:58:00,"0,81199"
05/03/2018 23:58:00,"0,8106"
06/03/2018 23:58:00,"0,80537"
07/03/2018 23:58:00,"0,8055"
08/03/2018 23:58:00,"0,81257"
09/03/2018 23:58:00,"0,81241"
10/03/2018 23:58:00,"0,81241"
11/03/2018 23:58:00,"0,81243"
12/03/2018 23:58:00,"0,8104"
13/03/2018 23:58:00,"0,80695"
14/03/2018 23:58:00,"0,80804"
15/03/2018 23:58:00,"0,8124"
16/03/2018 23:58:00,"0,81314"
17/03/2018 23:58:00,"0,81314"
18/03/2018 23:58:00,"0,81428"
19/03/2018 23:58:00,"0,81058"
20/03/2018 23:58:00,"0,8162"
21/03/2018 23:58:00,"0,80987"
22/03/2018 23:58:00,"0,81136"
23/03/2018 23:58:00,"0,80913"
24/03/2018 23:58:00,"0,80913"
25/03/2018 23:58:00,"0,80943"
26/03/2018 23:58:00,"0,80273"
27/03/2018 23:58:00,"0,80594"
28/03/2018 23:58:00,"0,81233"
29/03/2018 23:58:00,"0,81282"
30/03/2018 23:58:00,"0,8109"
31/03/2018 23:58:00,"0,8109"
01/04/2018 23:58:00,"0,81207"
02/04/2018 23:58:00,"0,81349"
03/04/2018 23:58:00,"0,81443"
04/04/2018 23:58:00,"0,81388"
05/04/2018 23:58:00,"0,81622"
06/04/2018 23:58:00,"0,81301"
07/04/2018 23:58:00,"0,81301"
08/04/2018 23:58:00,"0,8149"
09/04/2018 23:58:00,"0,81153"
10/04/2018 23:58:00,"0,80886"
11/04/2018 23:58:00,"0,8083"
12/04/2018 23:58:00,"0,81105"
13/04/2018 23:58:00,"0,80978"
14/04/2018 23:58:00,"0,80978"
15/04/2018 23:58:00,"0,81086"
16/04/2018 23:58:00,"0,80742"
17/04/2018 23:58:00,"0,8082"
18/04/2018 23:58:00,"0,80781"
19/04/2018 23:58:00,"0,81001"
20/04/2018 23:58:00,"0,81208"
21/04/2018 23:58:00,"0,81208"
22/04/2018 23:58:00,"0,81477"
23/04/2018 23:58:00,"0,81907"
24/04/2018 23:58:00,"0,8169"
25/04/2018 23:58:00,"0,82158"
26/04/2018 23:58:00,"0,82579"
27/04/2018 23:58:00,"0,82311"
28/04/2018 23:58:00,"0,82311"
29/04/2018 23:58:00,"0,82489"
30/04/2018 23:58:00,"0,82773"
01/05/2018 23:58:00,"0,83392"
02/05/2018 23:58:00,"0,83675"
03/05/2018 23:58:00,"0,83408"
04/05/2018 23:58:00,"0,83479"
05/05/2018 23:58:00,"0,83479"
06/05/2018 23:58:00,"0,83647"
07/05/2018 23:58:00,"0,83796"
08/05/2018 23:58:00,"0,84261"
09/05/2018 23:58:00,"0,84408"
10/05/2018 23:58:00,"0,8391"
11/05/2018 23:58:00,"0,83598"
12/05/2018 23:58:00,"0,83598"
13/05/2018 23:58:00,"0,83667"
14/05/2018 23:58:00,"0,83814"
15/05/2018 23:58:00,"0,84596"
16/05/2018 23:58:00,"0,84624"
17/05/2018 23:58:00,"0,8478"
18/05/2018 23:58:00,"0,84803"
19/05/2018 23:58:00,"0,84803"
20/05/2018 23:58:00,"0,84986"
21/05/2018 23:58:00,"0,848"
22/05/2018 23:58:00,"0,84828"
23/05/2018 23:58:00,"0,85396"
24/05/2018 23:58:00,"0,85305"
25/05/2018 23:58:00,"0,85778"
26/05/2018 23:58:00,"0,85778"
27/05/2018 23:58:00,"0,85551"
28/05/2018 23:58:00,"0,86007"
29/05/2018 23:58:00,"0,8666"
30/05/2018 23:58:00,"0,8571"
31/05/2018 23:58:00,"0,8552"
01/06/2018 23:58:00,"0,85682"
02/06/2018 23:58:00,"0,85682"
03/06/2018 23:58:00,"0,857"
04/06/2018 23:58:00,"0,85466"
05/06/2018 23:58:00,"0,85279"
06/06/2018 23:58:00,"0,8485"
07/06/2018 23:58:00,"0,8478"
08/06/2018 23:58:00,"0,84868"
09/06/2018 23:58:00,"0,84868"
10/06/2018 23:58:00,"0,84861"
11/06/2018 23:58:00,"0,84932"
12/06/2018 23:58:00,"0,85119"
13/06/2018 23:58:00,"0,8469"
14/06/2018 23:58:00,"0,86456"
15/06/2018 23:58:00,"0,86036"
16/06/2018 23:58:00,"0,86036"
17/06/2018 23:58:00,"0,86237"
18/06/2018 23:58:00,"0,85979"
19/06/2018 23:58:00,"0,86292"
20/06/2018 23:58:00,"0,86363"
21/06/2018 23:58:00,"0,86164"
22/06/2018 23:58:00,"0,85697"
23/06/2018 23:58:00,"0,85697"
24/06/2018 23:58:00,"0,85753"
25/06/2018 23:58:00,"0,8545"
26/06/2018 23:58:00,"0,85835"
27/06/2018 23:58:00,"0,86478"
28/06/2018 23:58:00,"0,86483"
29/06/2018 23:58:00,"0,85434"
30/06/2018 23:58:00,"0,85434"
01/07/2018 23:58:00,"0,85627"
02/07/2018 23:58:00,"0,85895"
03/07/2018 23:58:00,"0,85769"
04/07/2018 23:58:00,"0,85746"
05/07/2018 23:58:00,"0,855"
06/07/2018 23:58:00,"0,85063"
07/07/2018 23:58:00,"0,85063"
08/07/2018 23:58:00,"0,8509"
09/07/2018 23:58:00,"0,85056"
10/07/2018 23:58:00,"0,85273"
11/07/2018 23:58:00,"0,8564"
12/07/2018 23:58:00,"0,8572"
13/07/2018 23:58:00,"0,85448"
14/07/2018 23:58:00,"0,85463"
15/07/2018 23:58:00,"0,85623"
16/07/2018 23:58:00,"0,85401"
17/07/2018 23:58:00,"0,85813"
18/07/2018 23:58:00,"0,85869"
19/07/2018 23:58:00,"0,85799"
20/07/2018 23:58:00,"0,85237"
21/07/2018 23:58:00,"0,85237"
22/07/2018 23:58:00,"0,85165"
23/07/2018 23:58:00,"0,85513"
24/07/2018 23:58:00,"0,85576"
25/07/2018 23:58:00,"0,85197"
26/07/2018 23:58:00,"0,85889"
27/07/2018 23:58:00,"0,8566"
28/07/2018 23:58:00,"0,8566"
29/07/2018 23:58:00,"0,8576"
30/07/2018 23:58:00,"0,85416"
31/07/2018 23:58:00,"0,85546"
01/08/2018 23:58:00,"0,8572"
02/08/2018 23:58:00,"0,86311"
03/08/2018 23:58:00,"0,86326"
04/08/2018 23:58:00,"0,86326"
05/08/2018 23:58:00,"0,86488"
06/08/2018 23:58:00,"0,8652"
07/08/2018 23:58:00,"0,86185"
08/08/2018 23:58:00,"0,86127"
09/08/2018 23:58:00,"0,86776"
10/08/2018 23:58:00,"0,87535"
11/08/2018 23:58:00,"0,87535"
12/08/2018 23:58:00,"0,8776"
13/08/2018 23:58:00,"0,877"
14/08/2018 23:58:00,"0,88139"
15/08/2018 23:58:00,"0,8815"
16/08/2018 23:58:00,"0,8794"
17/08/2018 23:58:00,"0,87336"
18/08/2018 23:58:00,"0,87336"
19/08/2018 23:58:00,"0,8743"
20/08/2018 23:58:00,"0,87022"
21/08/2018 23:58:00,"0,8638"
22/08/2018 23:58:00,"0,8632"
23/08/2018 23:58:00,"0,8663"
24/08/2018 23:58:00,"0,85955"
25/08/2018 23:58:00,"0,85955"
26/08/2018 23:58:00,"0,85845"
27/08/2018 23:58:00,"0,8559"
28/08/2018 23:58:00,"0,85534"
29/08/2018 23:58:00,"0,85399"
30/08/2018 23:58:00,"0,85729"
31/08/2018 23:58:00,"0,86036"
01/09/2018 23:58:00,"0,86036"
02/09/2018 23:58:00,"0,86199"
03/09/2018 23:58:00,"0,86092"
04/09/2018 23:58:00,"0,86307"
05/09/2018 23:58:00,"0,85946"
06/09/2018 23:58:00,"0,86058"
07/09/2018 23:58:00,"0,86408"
08/09/2018 23:58:00,"0,86408"
09/09/2018 23:58:00,"0,86497"
10/09/2018 23:58:00,"0,86237"
11/09/2018 23:58:00,"0,86236"
12/09/2018 23:58:00,"0,8599"
13/09/2018 23:58:00,"0,8553"
14/09/2018 23:58:00,"0,8594"
15/09/2018 23:58:00,"0,8594"
16/09/2018 23:58:00,"0,85992"
17/09/2018 23:58:00,"0,85696"
18/09/2018 23:58:00,"0,85617"
19/09/2018 23:58:00,"0,85656"
20/09/2018 23:58:00,"0,84919"
21/09/2018 23:58:00,"0,84955"
22/09/2018 23:58:00,"0,84955"
23/09/2018 23:58:00,"0,85099"
24/09/2018 23:58:00,"0,85085"
25/09/2018 23:58:00,"0,85011"
26/09/2018 23:58:00,"0,85117"
27/09/2018 23:58:00,"0,8593"
28/09/2018 23:58:00,"0,86036"
29/09/2018 23:58:00,"0,86036"
30/09/2018 23:58:00,"0,86167"
01/10/2018 23:58:00,"0,86374"
02/10/2018 23:58:00,"0,86567"
03/10/2018 23:58:00,"0,87136"
04/10/2018 23:58:00,"0,8682"
05/10/2018 23:58:00,"0,86685"
06/10/2018 23:58:00,"0,86685"
07/10/2018 23:58:00,"0,86786"
08/10/2018 23:58:00,"0,87001"
09/10/2018 23:58:00,"0,86904"
10/10/2018 23:58:00,"0,86705"
11/10/2018 23:58:00,"0,86278"
12/10/2018 23:58:00,"0,86378"
13/10/2018 23:58:00,"0,86378"
14/10/2018 23:58:00,"0,8657"
15/10/2018 23:58:00,"0,8633"
16/10/2018 23:58:00,"0,86391"
17/10/2018 23:58:00,"0,8695"
18/10/2018 23:58:00,"0,8726"
19/10/2018 23:58:00,"0,86715"
20/10/2018 23:58:00,"0,86715"
21/10/2018 23:58:00,"0,86885"
22/10/2018 23:58:00,"0,872"
23/10/2018 23:58:00,"0,8716"
24/10/2018 23:58:00,"0,87725"
25/10/2018 23:58:00,"0,8789"
26/10/2018 23:58:00,"0,8752"
27/10/2018 23:58:00,"0,8752"
28/10/2018 23:58:00,"0,87729"
29/10/2018 23:58:00,"0,87903"
30/10/2018 23:58:00,"0,88134"
31/10/2018 23:58:00,"0,88365"
01/11/2018 23:58:00,"0,87694"
02/11/2018 23:58:00,"0,87796"
03/11/2018 23:58:00,"0,87796"
04/11/2018 23:58:00,"0,87738"
05/11/2018 23:58:00,"0,8762"
06/11/2018 23:58:00,"0,87424"
07/11/2018 23:58:00,"0,87458"
08/11/2018 23:58:00,"0,87963"
09/11/2018 23:58:00,"0,88191"
10/11/2018 23:58:00,"0,88191"
11/11/2018 23:58:00,"0,883"
12/11/2018 23:58:00,"0,8902"
13/11/2018 23:58:00,"0,88408"
14/11/2018 23:58:00,"0,88403"
15/11/2018 23:58:00,"0,88301"
16/11/2018 23:58:00,"0,8755"
17/11/2018 23:58:00,"0,8755"
18/11/2018 23:58:00,"0,87612"
19/11/2018 23:58:00,"0,87298"
20/11/2018 23:58:00,"0,87932"
21/11/2018 23:58:00,"0,87809"
22/11/2018 23:58:00,"0,87695"
23/11/2018 23:58:00,"0,88152"
24/11/2018 23:58:00,"0,88152"
25/11/2018 23:58:00,"0,88204"
26/11/2018 23:58:00,"0,88235"
27/11/2018 23:58:00,"0,88505"
28/11/2018 23:58:00,"0,87962"
29/11/2018 23:58:00,"0,87775"
30/11/2018 23:58:00,"0,88347"
01/12/2018 23:58:00,"0,88347"
02/12/2018 23:58:00,"0,88166"
03/12/2018 23:58:00,"0,88068"
04/12/2018 23:58:00,"0,88161"
05/12/2018 23:58:00,"0,88113"
06/12/2018 23:58:00,"0,87914"
07/12/2018 23:58:00,"0,87843"
08/12/2018 23:58:00,"0,87843"
09/12/2018 23:58:00,"0,87712"
10/12/2018 23:58:00,"0,88055"
11/12/2018 23:58:00,"0,88315"
12/12/2018 23:58:00,"0,87924"
13/12/2018 23:58:00,"0,88"
14/12/2018 23:58:00,"0,8841"
15/12/2018 23:58:00,"0,8841"
16/12/2018 23:58:00,"0,88449"
17/12/2018 23:58:00,"0,88107"
18/12/2018 23:58:00,"0,87909"
19/12/2018 23:58:00,"0,878"
20/12/2018 23:58:00,"0,87284"
21/12/2018 23:58:00,"0,87835"
22/12/2018 23:58:00,"0,87835"
23/12/2018 23:58:00,"0,87929"
24/12/2018 23:58:00,"0,87689"
25/12/2018 23:58:00,"0,876"
26/12/2018 23:58:00,"0,88018"
27/12/2018 23:58:00,"0,87481"
28/12/2018 23:58:00,"0,87413"
29/12/2018 23:58:00,"0,87413"
30/12/2018 23:58:00,"0,87413"
31/12/2018 23:58:00,"0,87009"
01/01/2019 23:58:00,"0,87247"
02/01/2019 23:58:00,"0,88354"
03/01/2019 23:58:00,"0,87788"
04/01/2019 23:58:00,"0,87742"
05/01/2019 23:58:00,"0,87742"
06/01/2019 23:58:00,"0,87639"
07/01/2019 23:58:00,"0,8711"
08/01/2019 23:58:00,"0,8729"
09/01/2019 23:58:00,"0,86543"
10/01/2019 23:58:00,"0,8688"
11/01/2019 23:58:00,"0,87176"
12/01/2019 23:58:00,"0,87176"
13/01/2019 23:58:00,"0,87259"
14/01/2019 23:58:00,"0,87162"
15/01/2019 23:58:00,"0,8759"
16/01/2019 23:58:00,"0,87734"
17/01/2019 23:58:00,"0,87776"
18/01/2019 23:58:00,"0,8792"
19/01/2019 23:58:00,"0,8792"
20/01/2019 23:58:00,"0,87985"
21/01/2019 23:58:00,"0,87956"
22/01/2019 23:58:00,"0,87997"
23/01/2019 23:58:00,"0,8781"
24/01/2019 23:58:00,"0,8839"
25/01/2019 23:58:00,"0,87704"
26/01/2019 23:58:00,"0,87704"
27/01/2019 23:58:00,"0,87619"
28/01/2019 23:58:00,"0,87489"
29/01/2019 23:58:00,"0,87448"
30/01/2019 23:58:00,"0,8705"
31/01/2019 23:58:00,"0,8734"
01/02/2019 23:58:00,"0,87268"
02/02/2019 23:58:00,"0,87268"
03/02/2019 23:58:00,"0,87296"
04/02/2019 23:58:00,"0,87441"
05/02/2019 23:58:00,"0,87643"
06/02/2019 23:58:00,"0,87982"
07/02/2019 23:58:00,"0,88193"
08/02/2019 23:58:00,"0,88207"
09/02/2019 23:58:00,"0,88207"
10/02/2019 23:58:00,"0,88306"
11/02/2019 23:58:00,"0,8866"
12/02/2019 23:58:00,"0,88225"
13/02/2019 23:58:00,"0,88771"
14/02/2019 23:58:00,"0,88532"
15/02/2019 23:58:00,"0,88511"
16/02/2019 23:58:00,"0,88511"
17/02/2019 23:58:00,"0,88511"
18/02/2019 23:58:00,"0,88402"
19/02/2019 23:58:00,"0,8816"
20/02/2019 23:58:00,"0,88134"
21/02/2019 23:58:00,"0,8816"
22/02/2019 23:58:00,"0,8816"
23/02/2019 23:58:00,"0,8816"
24/02/2019 23:58:00,"0,88166"
25/02/2019 23:58:00,"0,8797"
26/02/2019 23:58:00,"0,87772"
27/02/2019 23:58:00,"0,87872"
28/02/2019 23:58:00,"0,87924"
01/03/2019 23:58:00,"0,87881"
02/03/2019 23:58:00,"0,87881"
03/03/2019 23:58:00,"0,87905"
04/03/2019 23:58:00,"0,88204"
05/03/2019 23:58:00,"0,8844"
06/03/2019 23:58:00,"0,88386"
07/03/2019 23:58:00,"0,89299"
08/03/2019 23:58:00,"0,8896"
09/03/2019 23:58:00,"0,8896"
10/03/2019 23:58:00,"0,89028"
11/03/2019 23:58:00,"0,88816"
12/03/2019 23:58:00,"0,88594"
13/03/2019 23:58:00,"0,88253"
14/03/2019 23:58:00,"0,8843"
15/03/2019 23:58:00,"0,88137"
16/03/2019 23:58:00,"0,88137"
17/03/2019 23:58:00,"0,88341"
18/03/2019 23:58:00,"0,88213"
19/03/2019 23:58:00,"0,88068"
20/03/2019 23:58:00,"0,87505"
21/03/2019 23:58:00,"0,87912"
22/03/2019 23:58:00,"0,88324"
23/03/2019 23:58:00,"0,88324"
24/03/2019 23:58:00,"0,88528"
25/03/2019 23:58:00,"0,88372"
26/03/2019 23:58:00,"0,88693"
27/03/2019 23:58:00,"0,88875"
28/03/2019 23:58:00,"0,89047"
29/03/2019 23:58:00,"0,89023"
30/03/2019 23:58:00,"0,89023"
31/03/2019 23:58:00,"0,89096"
01/04/2019 23:58:00,"0,8924"
02/04/2019 23:58:00,"0,89255"
03/04/2019 23:58:00,"0,88913"
04/04/2019 23:58:00,"0,8908"
05/04/2019 23:58:00,"0,89015"
06/04/2019 23:58:00,"0,89015"
07/04/2019 23:58:00,"0,8913"
08/04/2019 23:58:00,"0,88838"
09/04/2019 23:58:00,"0,88755"
10/04/2019 23:58:00,"0,8868"
11/04/2019 23:58:00,"0,88804"
12/04/2019 23:58:00,"0,88331"
13/04/2019 23:58:00,"0,88331"
14/04/2019 23:58:00,"0,88456"
15/04/2019 23:58:00,"0,88457"
16/04/2019 23:58:00,"0,88613"
17/04/2019 23:58:00,"0,88518"
18/04/2019 23:58:00,"0,89"
19/04/2019 23:58:00,"0,88905"
20/04/2019 23:58:00,"0,88905"
21/04/2019 23:58:00,"0,88932"
22/04/2019 23:58:00,"0,88818"
23/04/2019 23:58:00,"0,89092"
24/04/2019 23:58:00,"0,89658"
25/04/2019 23:58:00,"0,89792"
26/04/2019 23:58:00,"0,89566"
27/04/2019 23:58:00,"0,89566"
28/04/2019 23:58:00,"0,89684"
29/04/2019 23:58:00,"0,89404"
30/04/2019 23:58:00,"0,89158"
01/05/2019 23:58:00,"0,89279"
02/05/2019 23:58:00,"0,89497"
03/05/2019 23:58:00,"0,89182"
04/05/2019 23:58:00,"0,89182"
05/05/2019 23:58:00,"0,89399"
06/05/2019 23:58:00,"0,89271"
07/05/2019 23:58:00,"0,89357"
08/05/2019 23:58:00,"0,89299"
09/05/2019 23:58:00,"0,8911"
10/05/2019 23:58:00,"0,88992"
11/05/2019 23:58:00,"0,88992"
12/05/2019 23:58:00,"0,88996"
13/05/2019 23:58:00,"0,89027"
14/05/2019 23:58:00,"0,8925"
15/05/2019 23:58:00,"0,89228"
16/05/2019 23:58:00,"0,89497"
17/05/2019 23:58:00,"0,89534"
18/05/2019 23:58:00,"0,89534"
19/05/2019 23:58:00,"0,89563"
20/05/2019 23:58:00,"0,89537"
21/05/2019 23:58:00,"0,8954"
22/05/2019 23:58:00,"0,89642"
23/05/2019 23:58:00,"0,89409"
24/05/2019 23:58:00,"0,89222"
25/05/2019 23:58:00,"0,89222"
26/05/2019 23:58:00,"0,89209"
27/05/2019 23:58:00,"0,89335"
28/05/2019 23:58:00,"0,8952"
29/05/2019 23:58:00,"0,89788"
30/05/2019 23:58:00,"0,89838"
31/05/2019 23:58:00,"0,89286"
01/06/2019 23:58:00,"0,89286"
02/06/2019 23:58:00,"0,89493"
03/06/2019 23:58:00,"0,88918"
04/06/2019 23:58:00,"0,88857"
05/06/2019 23:58:00,"0,89055"
06/06/2019 23:58:00,"0,8868"
07/06/2019 23:58:00,"0,8816"
08/06/2019 23:58:00,"0,8816"
09/06/2019 23:58:00,"0,88338"
10/06/2019 23:58:00,"0,88354"
11/06/2019 23:58:00,"0,88265"
12/06/2019 23:58:00,"0,8853"
13/06/2019 23:58:00,"0,88649"
14/06/2019 23:58:00,"0,88976"
15/06/2019 23:58:00,"0,88976"
16/06/2019 23:58:00,"0,8915"
17/06/2019 23:58:00,"0,8909"
18/06/2019 23:58:00,"0,893"
19/06/2019 23:58:00,"0,8898"
20/06/2019 23:58:00,"0,8853"
21/06/2019 23:58:00,"0,87742"
22/06/2019 23:58:00,"0,87742"
23/06/2019 23:58:00,"0,87837"
24/06/2019 23:58:00,"0,87717"
25/06/2019 23:58:00,"0,87951"
26/06/2019 23:58:00,"0,87914"
27/06/2019 23:58:00,"0,87928"
28/06/2019 23:58:00,"0,87789"
29/06/2019 23:58:00,"0,87789"
30/06/2019 23:58:00,"0,8799"
01/07/2019 23:58:00,"0,88594"
02/07/2019 23:58:00,"0,8855"
03/07/2019 23:58:00,"0,8859"
04/07/2019 23:58:00,"0,88607"
05/07/2019 23:58:00,"0,89023"
06/07/2019 23:58:00,"0,89023"
07/07/2019 23:58:00,"0,89068"
08/07/2019 23:58:00,"0,89158"
09/07/2019 23:58:00,"0,8922"
10/07/2019 23:58:00,"0,88819"
11/07/2019 23:58:00,"0,8887"
12/07/2019 23:58:00,"0,88582"
13/07/2019 23:58:00,"0,88582"
14/07/2019 23:58:00,"0,88715"
15/07/2019 23:58:00,"0,88796"
16/07/2019 23:58:00,"0,89188"
17/07/2019 23:58:00,"0,8905"
18/07/2019 23:58:00,"0,88798"
19/07/2019 23:58:00,"0,89008"
20/07/2019 23:58:00,"0,89008"
21/07/2019 23:58:00,"0,8914"
22/07/2019 23:58:00,"0,89237"
23/07/2019 23:58:00,"0,89676"
24/07/2019 23:58:00,"0,89747"
25/07/2019 23:58:00,"0,89717"
26/07/2019 23:58:00,"0,89694"
27/07/2019 23:58:00,"0,89694"
28/07/2019 23:58:00,"0,8983"
29/07/2019 23:58:00,"0,89742"
30/07/2019 23:58:00,"0,89622"
31/07/2019 23:58:00,"0,9032"
01/08/2019 23:58:00,"0,90262"
02/08/2019 23:58:00,"0,89839"
03/08/2019 23:58:00,"0,89839"
04/08/2019 23:58:00,"0,90025"
05/08/2019 23:58:00,"0,88938"
06/08/2019 23:58:00,"0,8923"
07/08/2019 23:58:00,"0,89251"
08/08/2019 23:58:00,"0,89388"
09/08/2019 23:58:00,"0,88394"
10/08/2019 23:58:00,"0,88394"
11/08/2019 23:58:00,"0,89218"
12/08/2019 23:58:00,"0,8914"
13/08/2019 23:58:00,"0,89469"
14/08/2019 23:58:00,"0,8974"
15/08/2019 23:58:00,"0,8998"
16/08/2019 23:58:00,"0,90123"
17/08/2019 23:58:00,"0,90123"
18/08/2019 23:58:00,"0,9014"
19/08/2019 23:58:00,"0,90227"
20/08/2019 23:58:00,"0,90108"
21/08/2019 23:58:00,"0,90165"
22/08/2019 23:58:00,"0,9022"
23/08/2019 23:58:00,"0,88952"
24/08/2019 23:58:00,"0,88952"
25/08/2019 23:58:00,"0,89742"
26/08/2019 23:58:00,"0,9006"
27/08/2019 23:58:00,"0,901675"
28/08/2019 23:58:00,"0,90208"
29/08/2019 23:58:00,"0,904"
30/08/2019 23:58:00,"0,9081"
31/08/2019 23:58:00,"0,9081"
01/09/2019 23:58:00,"0,90977"
02/09/2019 23:58:00,"0,9117"
03/09/2019 23:58:00,"0,9112"
04/09/2019 23:58:00,"0,90621"
05/09/2019 23:58:00,"0,9061"
06/09/2019 23:58:00,"0,89815"
07/09/2019 23:58:00,"0,89815"
08/09/2019 23:58:00,"0,90739"
09/09/2019 23:58:00,"0,90511"
10/09/2019 23:58:00,"0,90495"
11/09/2019 23:58:00,"0,90798"
12/09/2019 23:58:00,"0,9043"
13/09/2019 23:58:00,"0,89622"
14/09/2019 23:58:00,"0,89622"
15/09/2019 23:58:00,"0,90225"
16/09/2019 23:58:00,"0,9086"
17/09/2019 23:58:00,"0,90296"
18/09/2019 23:58:00,"0,9065"
19/09/2019 23:58:00,"0,9051"
20/09/2019 23:58:00,"0,90744"
21/09/2019 23:58:00,"0,90744"
22/09/2019 23:58:00,"0,90752"
23/09/2019 23:58:00,"0,90961"
24/09/2019 23:58:00,"0,9077"
25/09/2019 23:58:00,"0,913"
26/09/2019 23:58:00,"0,91552"
27/09/2019 23:58:00,"0,91398"
28/09/2019 23:58:00,"0,91398"
29/09/2019 23:58:00,"0,91385"
30/09/2019 23:58:00,"0,91746"
01/10/2019 23:58:00,"0,9145"
02/10/2019 23:58:00,"0,9121"
03/10/2019 23:58:00,"0,91113"
04/10/2019 23:58:00,"0,91075"
05/10/2019 23:58:00,"0,91075"
06/10/2019 23:58:00,"0,9102"
07/10/2019 23:58:00,"0,9114"
08/10/2019 23:58:00,"0,9124"
09/10/2019 23:58:00,"0,9101"
10/10/2019 23:58:00,"0,90818"
11/10/2019 23:58:00,"0,9058"
12/10/2019 23:58:00,"0,9057971"
13/10/2019 23:58:00,"0,9066183"
14/10/2019 23:58:00,"0,9067"
15/10/2019 23:58:00,"0,90623"
16/10/2019 23:58:00,"0,90294"
17/10/2019 23:58:00,"0,8987"
18/10/2019 23:58:00,"0,8952551"
19/10/2019 23:58:00,"0,8952551"
20/10/2019 23:58:00,"0,8964"
21/10/2019 23:58:00,"0,89672"
22/10/2019 23:58:00,"0,89853"
23/10/2019 23:58:00,"0,89828"
24/10/2019 23:58:00,"0,90058"
25/10/2019 23:58:00,"0,9023642"
26/10/2019 23:58:00,"0,9023642"
27/10/2019 23:58:00,"0,90218"
28/10/2019 23:58:00,"0,90097"
29/10/2019 23:58:00,"0,8997"
30/10/2019 23:58:00,"0,8965"
31/10/2019 23:58:00,"0,89629"
01/11/2019 23:58:00,"0,8933357"
02/11/2019 23:58:00,"0,8953353"
03/11/2019 23:58:00,"0,89553"
04/11/2019 23:58:00,"0,89859"
05/11/2019 23:58:00,"0,903"
06/11/2019 23:58:00,"0,90331"
07/11/2019 23:58:00,"0,90476"
08/11/2019 23:58:00,"0,9074657"
09/11/2019 23:58:00,"0,9074657"
10/11/2019 23:58:00,"0,90724"
11/11/2019 23:58:00,"0,90617"
12/11/2019 23:58:00,"0,90807"
13/11/2019 23:58:00,"0,908"
14/11/2019 23:58:00,"0,9074"
15/11/2019 23:58:00,"0,9046499"
16/11/2019 23:58:00,"0,9046417"
17/11/2019 23:58:00,"0,9045599"
18/11/2019 23:58:00,"0,90315"
19/11/2019 23:58:00,"0,9025271"
20/11/2019 23:58:00,"0,90262"
21/11/2019 23:58:00,"0,90368"
22/11/2019 23:58:00,"0,907441"
23/11/2019 23:58:00,"0,9072023"
24/11/2019 23:58:00,"0,90723"
25/11/2019 23:58:00,"0,9079"
26/11/2019 23:58:00,"0,90723"
27/11/2019 23:58:00,"0,90869"
28/11/2019 23:58:00,"0,90812"
29/11/2019 23:58:00,"0,907441"
30/11/2019 23:58:00,"0,9075151"
01/12/2019 23:58:00,"0,90752"
02/12/2019 23:58:00,"0,9026"
03/12/2019 23:58:00,"0,9021"
04/12/2019 23:58:00,"0,90228"
05/12/2019 23:58:00,"0,90046"
06/12/2019 23:58:00,"0,9041591"
07/12/2019 23:58:00,"0,9040774"
08/12/2019 23:58:00,"0,90425"
09/12/2019 23:58:00,"0,9037506"
10/12/2019 23:58:00,"0,90149"
11/12/2019 23:58:00,"0,898"
12/12/2019 23:58:00,"0,89397"
13/12/2019 23:58:00,"0,8991189"
14/12/2019 23:58:00,"0,8992806"
15/12/2019 23:58:00,"0,89892"
16/12/2019 23:58:00,"0,89791"
17/12/2019 23:58:00,"0,89675"
18/12/2019 23:58:00,"0,89961"
19/12/2019 23:58:00,"0,8988"
20/12/2019 23:58:00,"0,90246"
21/12/2019 23:58:00,"0,9025271"
22/12/2019 23:58:00,"0,90254"
23/12/2019 23:58:00,"0,9014"
24/12/2019 23:58:00,"0,9017"
25/12/2019 23:58:00,"0,90127"
26/12/2019 23:58:00,"0,90081"
27/12/2019 23:58:00,"0,8948187"
28/12/2019 23:58:00,"0,8946945"
29/12/2019 23:58:00,"0,89427"
30/12/2019 23:58:00,"0,8926738"
31/12/2019 23:58:00,"0,8912"
01/01/2020 23:58:00,"0,8912"
02/01/2020 23:58:00,"0,89514"
03/01/2020 23:58:00,"0,8960573"
04/01/2020 23:58:00,"0,8959771"
05/01/2020 23:58:00,"0,8959"
06/01/2020 23:58:00,"0,8930166"
07/01/2020 23:58:00,"0,89648"
08/01/2020 23:58:00,"0,89983"
09/01/2020 23:58:00,"0,9"
10/01/2020 23:58:00,"0,8991"
11/01/2020 23:58:00,"0,8992806"
12/01/2020 23:58:00,"0,89955"
13/01/2020 23:58:00,"0,89801"
14/01/2020 23:58:00,"0,8984"
15/01/2020 23:58:00,"0,8965394"
16/01/2020 23:58:00,"0,8977"
17/01/2020 23:58:00,"0,9016401"
18/01/2020 23:58:00,"0,9016238"
19/01/2020 23:58:00,"0,90134"
20/01/2020 23:58:00,"0,90115"
21/01/2020 23:58:00,"0,90207"
22/01/2020 23:58:00,"0,90119"
23/01/2020 23:58:00,"0,90455"
24/01/2020 23:58:00,"0,9067992"
25/01/2020 23:58:00,"0,9069719"
26/01/2020 23:58:00,"0,907"
27/01/2020 23:58:00,"0,90746"
28/01/2020 23:58:00,"0,90723"
29/01/2020 23:58:00,"0,9077"
30/01/2020 23:58:00,"0,90669"
31/01/2020 23:58:00,"0,9012175"
01/02/2020 23:58:00,"0,9013313"
02/02/2020 23:58:00,"0,90173"
03/02/2020 23:58:00,"0,90392"
04/02/2020 23:58:00,"0,9052"
05/02/2020 23:58:00,"0,9089"
06/02/2020 23:58:00,"0,9105"
07/02/2020 23:58:00,"0,9133671"
08/02/2020 23:58:00,"0,9133838"
09/02/2020 23:58:00,"0,9133"
10/02/2020 23:58:00,"0,9163"
11/02/2020 23:58:00,"0,9158"
12/02/2020 23:58:00,"0,91946"
13/02/2020 23:58:00,"0,922"
14/02/2020 23:58:00,"0,9232587"
15/02/2020 23:58:00,"0,9232587"
16/02/2020 23:58:00,"0,92236"
17/02/2020 23:58:00,"0,9225"
18/02/2020 23:58:00,"0,92632"
19/02/2020 23:58:00,"0,9250608"
20/02/2020 23:58:00,"0,9269559"
21/02/2020 23:58:00,"0,9218374"
22/02/2020 23:58:00,"0,9218374"
23/02/2020 23:58:00,"0,92259"
24/02/2020 23:58:00,"0,9217269"
25/02/2020 23:58:00,"0,9189487"
26/02/2020 23:58:00,"0,91862"
27/02/2020 23:58:00,"0,90932"
28/02/2020 23:58:00,"0,9066183"
29/02/2020 23:58:00,"0,9067745"
01/03/2020 23:58:00,"0,90487"
02/03/2020 23:58:00,"0,89734"
03/03/2020 23:58:00,"0,8944"
04/03/2020 23:58:00,"0,89774"
05/03/2020 23:58:00,"0,89096"
06/03/2020 23:58:00,"0,8859672"
07/03/2020 23:58:00,"0,8858965"
08/03/2020 23:58:00,"0,87827"
09/03/2020 23:58:00,"0,87735"
10/03/2020 23:58:00,"0,8836654"
11/03/2020 23:58:00,"0,88798"
12/03/2020 23:58:00,"0,89406"
13/03/2020 23:58:00,"0,8974244"
14/03/2020 23:58:00,"0,8971828"
15/03/2020 23:58:00,"0,89643"
16/03/2020 23:58:00,"0,8958"
17/03/2020 23:58:00,"0,90781"
18/03/2020 23:58:00,"0,91228"
19/03/2020 23:58:00,"0,93832"
20/03/2020 23:58:00,"0,9290227"
21/03/2020 23:58:00,"0,9289364"
22/03/2020 23:58:00,"0,93507"
23/03/2020 23:58:00,"0,92897"
24/03/2020 23:58:00,"0,9257"
25/03/2020 23:58:00,"0,91831"
26/03/2020 23:58:00,"0,90512"
27/03/2020 23:58:00,"0,8953"
28/03/2020 23:58:00,"0,8952551"
29/03/2020 23:58:00,"0,89774"
30/03/2020 23:58:00,"0,90658"
31/03/2020 23:58:00,"0,9069"
01/04/2020 23:58:00,"0,91294"
02/04/2020 23:58:00,"0,92188"
03/04/2020 23:58:00,"0,9254262"
04/04/2020 23:58:00,"0,9250694"
05/04/2020 23:58:00,"0,92533"
06/04/2020 23:58:00,"0,9256"
07/04/2020 23:58:00,"0,91784"
08/04/2020 23:58:00,"0,9205"
09/04/2020 23:58:00,"0,91513"
10/04/2020 23:58:00,"0,9142439"
11/04/2020 23:58:00,"0,9143275"
12/04/2020 23:58:00,"0,91469"
13/04/2020 23:58:00,"0,9155"
14/04/2020 23:58:00,"0,9103"
15/04/2020 23:58:00,"0,9170021"
16/04/2020 23:58:00,"0,92094"
17/04/2020 23:58:00,"0,9191176"
18/04/2020 23:58:00,"0,9191176"
19/04/2020 23:58:00,"0,92022"
20/04/2020 23:58:00,"0,9204"
21/04/2020 23:58:00,"0,92111"
22/04/2020 23:58:00,"0,9251"
23/04/2020 23:58:00,"0,9279"
24/04/2020 23:58:00,"0,923361"
25/04/2020 23:58:00,"0,9238217"
26/04/2020 23:58:00,"0,9239"
27/04/2020 23:58:00,"0,9238"
28/04/2020 23:58:00,"0,9228"
29/04/2020 23:58:00,"0,91935"
30/04/2020 23:58:00,"0,91362"
01/05/2020 23:58:00,"0,9013069"
02/05/2020 23:58:00,"0,9012257"
03/05/2020 23:58:00,"0,91244"
04/05/2020 23:58:00,"0,91707"
05/05/2020 23:58:00,"0,92263"
06/05/2020 23:58:00,"0,92605"
07/05/2020 23:58:00,"0,92275"
08/05/2020 23:58:00,"0,9114109"
09/05/2020 23:58:00,"0,9114109"
10/05/2020 23:58:00,"0,92255"
11/05/2020 23:58:00,"0,92512"
12/05/2020 23:58:00,"0,92193"
13/05/2020 23:58:00,"0,9239"
14/05/2020 23:58:00,"0,92533"
15/05/2020 23:58:00,"0,9238217"
16/05/2020 23:58:00,"0,9238217"
17/05/2020 23:58:00,"0,9241"
18/05/2020 23:58:00,"0,91616"
19/05/2020 23:58:00,"0,9151"
20/05/2020 23:58:00,"0,9105"
21/05/2020 23:58:00,"0,913"
22/05/2020 23:58:00,"0,9172629"
23/05/2020 23:58:00,"0,9165903"
24/05/2020 23:58:00,"0,9167752"
25/05/2020 23:58:00,"0,9171788"
26/05/2020 23:58:00,"0,9106"
27/05/2020 23:58:00,"0,9077"
28/05/2020 23:58:00,"0,9026"
29/05/2020 23:58:00,"0,90009"
30/05/2020 23:58:00,"0,90009"
31/05/2020 23:58:00,"0,8994"
01/06/2020 23:58:00,"0,8988"
02/06/2020 23:58:00,"0,8937"
03/06/2020 23:58:00,"0,89"
04/06/2020 23:58:00,"0,882"
05/06/2020 23:58:00,"0,8856376"
06/06/2020 23:58:00,"0,88552"
07/06/2020 23:58:00,"0,88343"
08/06/2020 23:58:00,"0,88452"
09/06/2020 23:58:00,"0,88244"
10/06/2020 23:58:00,"0,87986"
11/06/2020 23:58:00,"0,88589"
12/06/2020 23:58:00,"0,8882967"
13/06/2020 23:58:00,"0,888423"
14/06/2020 23:58:00,"0,88873"
15/06/2020 23:58:00,"0,88201"
16/06/2020 23:58:00,"0,88765"
17/06/2020 23:58:00,"0,88945"
18/06/2020 23:58:00,"0,8919811"
19/06/2020 23:58:00,"0,8943744"
20/06/2020 23:58:00,"0,8946304"
21/06/2020 23:58:00,"0,89465"
22/06/2020 23:58:00,"0,88655"
23/06/2020 23:58:00,"0,88399"
24/06/2020 23:58:00,"0,88882"
25/06/2020 23:58:00,"0,8911"
26/06/2020 23:58:00,"0,891353"
27/06/2020 23:58:00,"0,8912735"
28/06/2020 23:58:00,"0,8908"
29/06/2020 23:58:00,"0,88911"
30/06/2020 23:58:00,"0,89"
01/07/2020 23:58:00,"0,88878"
02/07/2020 23:58:00,"0,88985"
03/07/2020 23:58:00,"0,889"
04/07/2020 23:58:00,"0,8888889"
05/07/2020 23:58:00,"0,88911"
06/07/2020 23:58:00,"0,88395"
07/07/2020 23:58:00,"0,8869"
08/07/2020 23:58:00,"0,8819"
09/07/2020 23:58:00,"0,8859"
10/07/2020 23:58:00,"0,8849558"
11/07/2020 23:58:00,"0,8849558"
12/07/2020 23:58:00,"0,88417"
13/07/2020 23:58:00,"0,8814067"
14/07/2020 23:58:00,"0,87637"
15/07/2020 23:58:00,"0,8758715"
16/07/2020 23:58:00,"0,8778"
17/07/2020 23:58:00,"0,8750208"
18/07/2020 23:58:00,"0,8748141"
19/07/2020 23:58:00,"0,8739"
20/07/2020 23:58:00,"0,8727"
21/07/2020 23:58:00,"0,867"
22/07/2020 23:58:00,"0,8644"
23/07/2020 23:58:00,"0,86236"
24/07/2020 23:58:00,"0,8578831"
25/07/2020 23:58:00,"0,8578831"
26/07/2020 23:58:00,"0,85818"
27/07/2020 23:58:00,"0,84967"
28/07/2020 23:58:00,"0,85333"
29/07/2020 23:58:00,"0,84869"
30/07/2020 23:58:00,"0,8423"
31/07/2020 23:58:00,"0,8488244"
01/08/2020 23:58:00,"0,8488964"
02/08/2020 23:58:00,"0,84873"
03/08/2020 23:58:00,"0,8501"
04/08/2020 23:58:00,"0,84635"
05/08/2020 23:58:00,"0,84226"
06/08/2020 23:58:00,"0,842"
07/08/2020 23:58:00,"0,8485003"
08/08/2020 23:58:00,"0,848162"
09/08/2020 23:58:00,"0,8487"
10/08/2020 23:58:00,"0,85195"
11/08/2020 23:58:00,"0,85204"
12/08/2020 23:58:00,"0,8479031"
13/08/2020 23:58:00,"0,84627"
14/08/2020 23:58:00,"0,8442951"
15/08/2020 23:58:00,"0,8443735"
16/08/2020 23:58:00,"0,8437"
17/08/2020 23:58:00,"0,842"
18/08/2020 23:58:00,"0,83697"
19/08/2020 23:58:00,"0,844345"
20/08/2020 23:58:00,"0,8422"
21/08/2020 23:58:00,"0,8476731"
22/08/2020 23:58:00,"0,8474576"
23/08/2020 23:58:00,"0,8476"
24/08/2020 23:58:00,"0,84785"
25/08/2020 23:58:00,"0,84495"
26/08/2020 23:58:00,"0,8444"
27/08/2020 23:58:00,"0,84605"
28/08/2020 23:58:00,"0,839955"
29/08/2020 23:58:00,"0,8397716"
30/08/2020 23:58:00,"0,83905"
31/08/2020 23:58:00,"0,83759"
01/09/2020 23:58:00,"0,8387"
02/09/2020 23:58:00,"0,84407"
03/09/2020 23:58:00,"0,84461"
04/09/2020 23:58:00,"0,8446731"
05/09/2020 23:58:00,"0,8446731"
06/09/2020 23:58:00,"0,84499"
07/09/2020 23:58:00,"0,8459"
08/09/2020 23:58:00,"0,8496"
09/09/2020 23:58:00,"0,847"
10/09/2020 23:58:00,"0,84571"
11/09/2020 23:58:00,"0,8439531"
12/09/2020 23:58:00,"0,8439531"
13/09/2020 23:58:00,"0,8444"
14/09/2020 23:58:00,"0,84246"
15/09/2020 23:58:00,"0,84428"
16/09/2020 23:58:00,"0,84721"
17/09/2020 23:58:00,"0,8440101"
18/09/2020 23:58:00,"0,8445447"
19/09/2020 23:58:00,"0,8445518"
20/09/2020 23:58:00,"0,8442"
21/09/2020 23:58:00,"0,8497621"
22/09/2020 23:58:00,"0,85409"
23/09/2020 23:58:00,"0,85774"
24/09/2020 23:58:00,"0,85666"
25/09/2020 23:58:00,"0,85975"
26/09/2020 23:58:00,"0,8596235"
27/09/2020 23:58:00,"0,85945"
28/09/2020 23:58:00,"0,85625"
29/09/2020 23:58:00,"0,85164"
30/09/2020 23:58:00,"0,8528"
01/10/2020 23:58:00,"0,85143"
02/10/2020 23:58:00,"0,8534535"
03/10/2020 23:58:00,"0,8534171"
04/10/2020 23:58:00,"0,85321"
05/10/2020 23:58:00,"0,848"
06/10/2020 23:58:00,"0,85196"
07/10/2020 23:58:00,"0,8498"
08/10/2020 23:58:00,"0,8498343"
09/10/2020 23:58:00,"0,8453085"
10/10/2020 23:58:00,"0,8451728"
11/10/2020 23:58:00,"0,84625"
12/10/2020 23:58:00,"0,8463"
13/10/2020 23:58:00,"0,85163"
14/10/2020 23:58:00,"0,8515"
15/10/2020 23:58:00,"0,85418"
16/10/2020 23:58:00,"0,8532423"
17/10/2020 23:58:00,"0,8532423"
18/10/2020 23:58:00,"0,85357"
19/10/2020 23:58:00,"0,8497"
20/10/2020 23:58:00,"0,84532"
21/10/2020 23:58:00,"0,8436"
22/10/2020 23:58:00,"0,84638"
23/10/2020 23:58:00,"0,8431206"
24/10/2020 23:58:00,"0,842886"
25/10/2020 23:58:00,"0,84399"
26/10/2020 23:58:00,"0,84678"
27/10/2020 23:58:00,"0,8486"
28/10/2020 23:58:00,"0,85116"
29/10/2020 23:58:00,"0,85626"
30/10/2020 23:58:00,"0,8564"
31/10/2020 23:58:00,"0,8562377"
01/11/2020 23:58:00,"0,85895"
02/11/2020 23:58:00,"0,8589"
03/11/2020 23:58:00,"0,85018"
04/11/2020 23:58:00,"0,85232"
05/11/2020 23:58:00,"0,8462"
06/11/2020 23:58:00,"0,8419847"
07/11/2020 23:58:00,"0,8421336"
08/11/2020 23:58:00,"0,84083"
09/11/2020 23:58:00,"0,8455"
10/11/2020 23:58:00,"0,84611"
11/11/2020 23:58:00,"0,8488748"
12/11/2020 23:58:00,"0,8472135"
13/11/2020 23:58:00,"0,8447087"
14/11/2020 23:58:00,"0,8447087"
15/11/2020 23:58:00,"0,84422"
16/11/2020 23:58:00,"0,84321"
17/11/2020 23:58:00,"0,84291"
18/11/2020 23:58:00,"0,84405"
19/11/2020 23:58:00,"0,84271"
20/11/2020 23:58:00,"0,8433908"
21/11/2020 23:58:00,"0,8434086"
22/11/2020 23:58:00,"0,84271"
23/11/2020 23:58:00,"0,8444"
24/11/2020 23:58:00,"0,8403"
25/11/2020 23:58:00,"0,8389262"
26/11/2020 23:58:00,"0,8392078"
27/11/2020 23:58:00,"0,8358828"
28/11/2020 23:58:00,"0,8358129"
29/11/2020 23:58:00,"0,83532"
30/11/2020 23:58:00,"0,83765"
01/12/2020 23:58:00,"0,8282"
02/12/2020 23:58:00,"0,82545"
03/12/2020 23:58:00,"0,82334"
04/12/2020 23:58:00,"0,8249464"
05/12/2020 23:58:00,"0,8247831"
06/12/2020 23:58:00,"0,82499"
07/12/2020 23:58:00,"0,82555"
08/12/2020 23:58:00,"0,8257"
09/12/2020 23:58:00,"0,8279"
10/12/2020 23:58:00,"0,8234316"
11/12/2020 23:58:00,"0,8255934"
12/12/2020 23:58:00,"0,8255934"
13/12/2020 23:58:00,"0,8241713"
14/12/2020 23:58:00,"0,8231198"
15/12/2020 23:58:00,"0,8227541"
16/12/2020 23:58:00,"0,8197"
17/12/2020 23:58:00,"0,81548"
18/12/2020 23:58:00,"0,8158537"
19/12/2020 23:58:00,"0,8157272"
20/12/2020 23:58:00,"0,81859"
21/12/2020 23:58:00,"0,8172"
22/12/2020 23:58:00,"0,82057"
23/12/2020 23:58:00,"0,82025"
24/12/2020 23:58:00,"0,8207"
25/12/2020 23:58:00,"0,8201"
26/12/2020 23:58:00,"0,8140008"
27/12/2020 23:58:00,"0,81933"
28/12/2020 23:58:00,"0,8181"
29/12/2020 23:58:00,"0,81613"
30/12/2020 23:58:00,"0,8130147"
31/12/2020 23:58:00,"0,821"
01/01/2021 23:58:00,"0,8212"
02/01/2021 23:58:00,"0,8237232"
03/01/2021 23:58:00,"0,81628"
04/01/2021 23:58:00,"0,81622"
05/01/2021 23:58:00,"0,81299"
06/01/2021 23:58:00,"0,8103"
07/01/2021 23:58:00,"0,8149"
08/01/2021 23:58:00,"0,8176615"
09/01/2021 23:58:00,"0,8176615"
10/01/2021 23:58:00,"0,8206"
11/01/2021 23:58:00,"0,8223211"
12/01/2021 23:58:00,"0,8190746"
13/01/2021 23:58:00,"0,8222"
14/01/2021 23:58:00,"0,82296"
15/01/2021 23:58:00,"0,8281162"
16/01/2021 23:58:00,"0,827746"
17/01/2021 23:58:00,"0,82863"
18/01/2021 23:58:00,"0,8279996"
19/01/2021 23:58:00,"0,8238"
20/01/2021 23:58:00,"0,82538"
21/01/2021 23:58:00,"0,8219426"
22/01/2021 23:58:00,"0,8215374"
23/01/2021 23:58:00,"0,8212878"
24/01/2021 23:58:00,"0,82173"
25/01/2021 23:58:00,"0,8233"
26/01/2021 23:58:00,"0,8221656"
27/01/2021 23:58:00,"0,8261"
28/01/2021 23:58:00,"0,82508"
29/01/2021 23:58:00,"0,823859"
30/01/2021 23:58:00,"0,8237911"
31/01/2021 23:58:00,"0,82482"
01/02/2021 23:58:00,"0,82859"
02/02/2021 23:58:00,"0,83063"
03/02/2021 23:58:00,"0,8304"
04/02/2021 23:58:00,"0,83565"
05/02/2021 23:58:00,"0,8298755"
06/02/2021 23:58:00,"0,82991"
07/02/2021 23:58:00,"0,82996"
08/02/2021 23:58:00,"0,8296277"
09/02/2021 23:58:00,"0,8250825"
10/02/2021 23:58:00,"0,825"
11/02/2021 23:58:00,"0,8243"
12/02/2021 23:58:00,"0,8254464"
13/02/2021 23:58:00,"0,8249464"
14/02/2021 23:58:00,"0,82494"
15/02/2021 23:58:00,"0,8242528"
16/02/2021 23:58:00,"0,82696"
17/02/2021 23:58:00,"0,8300133"
18/02/2021 23:58:00,"0,827"
19/02/2021 23:58:00,"0,8251642"
20/02/2021 23:58:00,"0,8251642"
21/02/2021 23:58:00,"0,82465"
22/02/2021 23:58:00,"0,8219088"
23/02/2021 23:58:00,"0,8229"
24/02/2021 23:58:00,"0,8216"
25/02/2021 23:58:00,"0,82234"
26/02/2021 23:58:00,"0,8282151"
27/02/2021 23:58:00,"0,8282534"
28/02/2021 23:58:00,"0,82716"
01/03/2021 23:58:00,"0,8298"
02/03/2021 23:58:00,"0,82744"
03/03/2021 23:58:00,"0,82983"
04/03/2021 23:58:00,"0,83558"
05/03/2021 23:58:00,"0,839453"
06/03/2021 23:58:00,"0,8390951"
07/03/2021 23:58:00,"0,83853"
08/03/2021 23:58:00,"0,84376"
09/03/2021 23:58:00,"0,8404845"
10/03/2021 23:58:00,"0,8385"
11/03/2021 23:58:00,"0,8343"
12/03/2021 23:58:00,"0,8363421"
13/03/2021 23:58:00,"0,8364841"
14/03/2021 23:58:00,"0,83682"
15/03/2021 23:58:00,"0,83852"
16/03/2021 23:58:00,"0,84022"
17/03/2021 23:58:00,"0,83453"
18/03/2021 23:58:00,"0,83905"
19/03/2021 23:58:00,"0,8369602"
20/03/2021 23:58:00,"0,8368201"
21/03/2021 23:58:00,"0,84153"
22/03/2021 23:58:00,"0,83801"
23/03/2021 23:58:00,"0,84458"
24/03/2021 23:58:00,"0,84652"
25/03/2021 23:58:00,"0,84914"
26/03/2021 23:58:00,"0,847766"
27/03/2021 23:58:00,"0,8455945"
28/03/2021 23:58:00,"0,84832"
29/03/2021 23:58:00,"0,8495455"
30/03/2021 23:58:00,"0,85298"
31/03/2021 23:58:00,"0,8526"
01/04/2021 23:58:00,"0,8489"
02/04/2021 23:58:00,"0,8501955"
03/04/2021 23:58:00,"0,8503184"
04/04/2021 23:58:00,"0,84975"
05/04/2021 23:58:00,"0,8461"
06/04/2021 23:58:00,"0,84216"
07/04/2021 23:58:00,"0,8422"
08/04/2021 23:58:00,"0,83923"
09/04/2021 23:58:00,"0,8403361"
10/04/2021 23:58:00,"0,840209"
11/04/2021 23:58:00,"0,8403"
12/04/2021 23:58:00,"0,8393"
13/04/2021 23:58:00,"0,83653"
14/04/2021 23:58:00,"0,8343"
15/04/2021 23:58:00,"0,8353"
16/04/2021 23:58:00,"0,8345365"
17/04/2021 23:58:00,"0,8345643"
18/04/2021 23:58:00,"0,83546"
19/04/2021 23:58:00,"0,8302"
20/04/2021 23:58:00,"0,83109"
21/04/2021 23:58:00,"0,83072"
22/04/2021 23:58:00,"0,83231"
23/04/2021 23:58:00,"0,8264463"
24/04/2021 23:58:00,"0,8266171"
25/04/2021 23:58:00,"0,82714"
26/04/2021 23:58:00,"0,8277"
27/04/2021 23:58:00,"0,8271093"
28/04/2021 23:58:00,"0,824"
29/04/2021 23:58:00,"0,8246"
30/04/2021 23:58:00,"0,8318775"
01/05/2021 23:58:00,"0,8319052"
02/05/2021 23:58:00,"0,83141"
03/05/2021 23:58:00,"0,8291"
04/05/2021 23:58:00,"0,83229"
05/05/2021 23:58:00,"0,83278"
06/05/2021 23:58:00,"0,8286"
07/05/2021 23:58:00,"0,8216927"
08/05/2021 23:58:00,"0,8221048"
09/05/2021 23:58:00,"0,82162"
10/05/2021 23:58:00,"0,82366"
11/05/2021 23:58:00,"0,823418"
12/05/2021 23:58:00,"0,8279174"
13/05/2021 23:58:00,"0,8279996"
14/05/2021 23:58:00,"0,8234028"
15/05/2021 23:58:00,"0,8233028"
16/05/2021 23:58:00,"0,82302"
17/05/2021 23:58:00,"0,82258"
18/05/2021 23:58:00,"0,8180628"
19/05/2021 23:58:00,"0,8215"
20/05/2021 23:58:00,"0,81797"
21/05/2021 23:58:00,"0,8210181"
22/05/2021 23:58:00,"0,8209102"
23/05/2021 23:58:00,"0,8208"
24/05/2021 23:58:00,"0,81869"
25/05/2021 23:58:00,"0,8163865"
26/05/2021 23:58:00,"0,82017"
27/05/2021 23:58:00,"0,82013"
28/05/2021 23:58:00,"0,8200754"
29/05/2021 23:58:00,"0,8201494"
30/05/2021 23:58:00,"0,82034"
31/05/2021 23:58:00,"0,81747"
01/06/2021 23:58:00,"0,81848"
02/06/2021 23:58:00,"0,81901"
03/06/2021 23:58:00,"0,8241985"
04/06/2021 23:58:00,"0,8216927"
05/06/2021 23:58:00,"0,821902"
06/06/2021 23:58:00,"0,8218"
07/06/2021 23:58:00,"0,8201"
08/06/2021 23:58:00,"0,8215"
09/06/2021 23:58:00,"0,8208833"
10/06/2021 23:58:00,"0,82152"
11/06/2021 23:58:00,"0,8258047"
12/06/2021 23:58:00,"0,8258047"
13/06/2021 23:58:00,"0,82575"
14/06/2021 23:58:00,"0,82493"
15/06/2021 23:58:00,"0,8246"
16/06/2021 23:58:00,"0,83364"
17/06/2021 23:58:00,"0,83939"
18/06/2021 23:58:00,"0,842815"
19/06/2021 23:58:00,"0,8428363"
20/06/2021 23:58:00,"0,8422"
21/06/2021 23:58:00,"0,83945"
22/06/2021 23:58:00,"0,83775"
23/06/2021 23:58:00,"0,838"
24/06/2021 23:58:00,"0,8382"
25/06/2021 23:58:00,"0,8375911"
26/06/2021 23:58:00,"0,8377525"
27/06/2021 23:58:00,"0,83737"
28/06/2021 23:58:00,"0,8383"
29/06/2021 23:58:00,"0,8402"
30/06/2021 23:58:00,"0,8434"
01/07/2021 23:58:00,"0,84415"
02/07/2021 23:58:00,"0,8428008"
03/07/2021 23:58:00,"0,84246"
04/07/2021 23:58:00,"0,84344"
05/07/2021 23:58:00,"0,8429"
06/07/2021 23:58:00,"0,8457"
07/07/2021 23:58:00,"0,8479319"
08/07/2021 23:58:00,"0,8440243"
09/07/2021 23:58:00,"0,8418855"
10/07/2021 23:58:00,"0,8418926"
11/07/2021 23:58:00,"0,84225"
12/07/2021 23:58:00,"0,8428"
13/07/2021 23:58:00,"0,84923"
14/07/2021 23:58:00,"0,84507"
15/07/2021 23:58:00,"0,84661"
16/07/2021 23:58:00,"0,8467831"
17/07/2021 23:58:00,"0,8470413"
18/07/2021 23:58:00,"0,8464534"
19/07/2021 23:58:00,"0,8479"
20/07/2021 23:58:00,"0,8486"
21/07/2021 23:58:00,"0,84798"
22/07/2021 23:58:00,"0,84942"
23/07/2021 23:58:00,"0,8495022"
24/07/2021 23:58:00,"0,8495022"
25/07/2021 23:58:00,"0,84937"
26/07/2021 23:58:00,"0,8469"
27/07/2021 23:58:00,"0,8458"
28/07/2021 23:58:00,"0,84417"
29/07/2021 23:58:00,"0,8408307"
30/07/2021 23:58:00,"0,8426162"
31/07/2021 23:58:00,"0,8426304"
01/08/2021 23:58:00,"0,84267"
02/08/2021 23:58:00,"0,84213"
03/08/2021 23:58:00,"0,8425"
04/08/2021 23:58:00,"0,8447801"
05/08/2021 23:58:00,"0,8449"
06/08/2021 23:58:00,"0,8498788"
07/08/2021 23:58:00,"0,8500655"
08/08/2021 23:58:00,"0,8511"
09/08/2021 23:58:00,"0,8519"
10/08/2021 23:58:00,"0,853"
11/08/2021 23:58:00,"0,8516509"
12/08/2021 23:58:00,"0,85206"
13/08/2021 23:58:00,"0,8476444"
14/08/2021 23:58:00,"0,8476444"
15/08/2021 23:58:00,"0,84784"
16/08/2021 23:58:00,"0,8489"
17/08/2021 23:58:00,"0,85399"
18/08/2021 23:58:00,"0,85446"
19/08/2021 23:58:00,"0,8564137"
20/08/2021 23:58:00,"0,8545548"
21/08/2021 23:58:00,"0,854847"
22/08/2021 23:58:00,"0,85488"
23/08/2021 23:58:00,"0,85146"
24/08/2021 23:58:00,"0,85084"
25/08/2021 23:58:00,"0,8493"
26/08/2021 23:58:00,"0,8506"
27/08/2021 23:58:00,"0,8474576"
28/08/2021 23:58:00,"0,8477163"
29/08/2021 23:58:00,"0,8475295"
30/08/2021 23:58:00,"0,84768"
31/08/2021 23:58:00,"0,84672"
01/09/2021 23:58:00,"0,84453"
02/09/2021 23:58:00,"0,842"
03/09/2021 23:58:00,"0,8417934"
04/09/2021 23:58:00,"0,8414321"
05/09/2021 23:58:00,"0,84133"
06/09/2021 23:58:00,"0,8421"
07/09/2021 23:58:00,"0,84434"
08/09/2021 23:58:00,"0,8460881"
09/09/2021 23:58:00,"0,8456"
10/09/2021 23:58:00,"0,8466684"
11/09/2021 23:58:00,"0,8463316"
12/09/2021 23:58:00,"0,8466"
13/09/2021 23:58:00,"0,8466"
14/09/2021 23:58:00,"0,8471"
15/09/2021 23:58:00,"0,8460237"
16/09/2021 23:58:00,"0,8498"
17/09/2021 23:58:00,"0,8527348"
18/09/2021 23:58:00,"0,8527403"
19/09/2021 23:58:00,"0,85252"
20/09/2021 23:58:00,"0,8525"
21/09/2021 23:58:00,"0,85303"
22/09/2021 23:58:00,"0,8556"
23/09/2021 23:58:00,"0,85177"
24/09/2021 23:58:00,"0,853155"
25/09/2021 23:58:00,"0,8531622"
26/09/2021 23:58:00,"0,85302"
27/09/2021 23:58:00,"0,8549347"
28/09/2021 23:58:00,"0,8557"
29/09/2021 23:58:00,"0,8619501"
30/09/2021 23:58:00,"0,86397"
01/10/2021 23:58:00,"0,8623"
02/10/2021 23:58:00,"0,8623"
03/10/2021 23:58:00,"0,86153"
04/10/2021 23:58:00,"0,8607"
05/10/2021 23:58:00,"0,86236"
06/10/2021 23:58:00,"0,8654"
07/10/2021 23:58:00,"0,86507"
08/10/2021 23:58:00,"0,8638"
09/10/2021 23:58:00,"0,8638"
10/10/2021 23:58:00,"0,8646"
11/10/2021 23:58:00,"0,86552"
12/10/2021 23:58:00,"0,867"
13/10/2021 23:58:00,"0,8621"
14/10/2021 23:58:00,"0,862655"
15/10/2021 23:58:00,"0,862135"
16/10/2021 23:58:00,"0,862135"
17/10/2021 23:58:00,"0,86231"
18/10/2021 23:58:00,"0,861045"
19/10/2021 23:58:00,"0,8598"
20/10/2021 23:58:00,"0,858"
21/10/2021 23:58:00,"0,8602"
22/10/2021 23:58:00,"0,8586"
23/10/2021 23:58:00,"0,8586"
24/10/2021 23:58:00,"0,859175"
25/10/2021 23:58:00,"0,861415"
26/10/2021 23:58:00,"0,8623"
27/10/2021 23:58:00,"0,862085"
28/10/2021 23:58:00,"0,8559"
29/10/2021 23:58:00,"0,864975"
30/10/2021 23:58:00,"0,864975"
31/10/2021 23:58:00,"0,86519"
01/11/2021 23:58:00,"0,8621"
02/11/2021 23:58:00,"0,8635"
03/11/2021 23:58:00,"0,860855"
04/11/2021 23:58:00,"0,865455"
05/11/2021 23:58:00,"0,8656"
06/11/2021 23:58:00,"0,8656"
07/11/2021 23:58:00,"0,8644"
08/11/2021 23:58:00,"0,863"
09/11/2021 23:58:00,"0,862535"
10/11/2021 23:58:00,"0,870625"
11/11/2021 23:58:00,"0,873505"
12/11/2021 23:58:00,"0,87389"
13/11/2021 23:58:00,"0,87389"
14/11/2021 23:58:00,"0,87399"
15/11/2021 23:58:00,"0,879935"
16/11/2021 23:58:00,"0,883555"
17/11/2021 23:58:00,"0,8835"
18/11/2021 23:58:00,"0,879555"
19/11/2021 23:58:00,"0,8865"
20/11/2021 23:58:00,"0,8865"
21/11/2021 23:58:00,"0,88676"
22/11/2021 23:58:00,"0,88965"
23/11/2021 23:58:00,"0,88929"
24/11/2021 23:58:00,"0,8925"
25/11/2021 23:58:00,"0,89211"
26/11/2021 23:58:00,"0,8835"
27/11/2021 23:58:00,"0,8835"
28/11/2021 23:58:00,"0,885635"
29/11/2021 23:58:00,"0,88555"
30/11/2021 23:58:00,"0,8825"
01/12/2021 23:58:00,"0,883465"
02/12/2021 23:58:00,"0,884475"
03/12/2021 23:58:00,"0,8839"
04/12/2021 23:58:00,"0,8839"
05/12/2021 23:58:00,"0,88465"
06/12/2021 23:58:00,"0,886215"
07/12/2021 23:58:00,"0,88708"
08/12/2021 23:58:00,"0,881495"
09/12/2021 23:58:00,"0,88545"
10/12/2021 23:58:00,"0,883645"
11/12/2021 23:58:00,"0,883645"
12/12/2021 23:58:00,"0,884055"
13/12/2021 23:58:00,"0,886275"
14/12/2021 23:58:00,"0,8882"
15/12/2021 23:58:00,"0,8856"
16/12/2021 23:58:00,"0,882245"
17/12/2021 23:58:00,"0,88983"
18/12/2021 23:58:00,"0,88983"
19/12/2021 23:58:00,"0,889495"
20/12/2021 23:58:00,"0,8867"
21/12/2021 23:58:00,"0,886025"
22/12/2021 23:58:00,"0,882875"
23/12/2021 23:58:00,"0,88293"
24/12/2021 23:58:00,"0,8818"
25/12/2021 23:58:00,"0,8818"
26/12/2021 23:58:00,"0,88311"
27/12/2021 23:58:00,"0,882665"
28/12/2021 23:58:00,"0,8839"
29/12/2021 23:58:00,"0,880385"
30/12/2021 23:58:00,"0,8831"
31/12/2021 23:58:00,"0,879395"
01/01/2022 23:58:00,"0,879395"
02/01/2022 23:58:00,"0,879285"
03/01/2022 23:58:00,"0,8849"
04/01/2022 23:58:00,"0,886255"
05/01/2022 23:58:00,"0,8839"
06/01/2022 23:58:00,"0,8852"
07/01/2022 23:58:00,"0,88015"
08/01/2022 23:58:00,"0,88015"
09/01/2022 23:58:00,"0,880805"
10/01/2022 23:58:00,"0,8825"
11/01/2022 23:58:00,"0,8798"
12/01/2022 23:58:00,"0,8741"
13/01/2022 23:58:00,"0,8729"
14/01/2022 23:58:00,"0,875955"
15/01/2022 23:58:00,"0,875955"
16/01/2022 23:58:00,"0,87646"
17/01/2022 23:58:00,"0,876405"
18/01/2022 23:58:00,"0,882595"
19/01/2022 23:58:00,"0,881595"
20/01/2022 23:58:00,"0,8839"
21/01/2022 23:58:00,"0,881465"
22/01/2022 23:58:00,"0,881465"
23/01/2022 23:58:00,"0,881715"
24/01/2022 23:58:00,"0,883065"
25/01/2022 23:58:00,"0,8847"
26/01/2022 23:58:00,"0,88955"
27/01/2022 23:58:00,"0,8973"
28/01/2022 23:58:00,"0,89703"
29/01/2022 23:58:00,"0,89703"
30/01/2022 23:58:00,"0,897015"
31/01/2022 23:58:00,"0,89051"
01/02/2022 23:58:00,"0,8871"
02/02/2022 23:58:00,"0,885055"
03/02/2022 23:58:00,"0,874425"
04/02/2022 23:58:00,"0,8734"
05/02/2022 23:58:00,"0,8734"
06/02/2022 23:58:00,"0,87314"
07/02/2022 23:58:00,"0,8741"
08/02/2022 23:58:00,"0,8757"
09/02/2022 23:58:00,"0,875515"
10/02/2022 23:58:00,"0,876115"
11/02/2022 23:58:00,"0,8811"
12/02/2022 23:58:00,"0,8811"
13/02/2022 23:58:00,"0,879745"
14/02/2022 23:58:00,"0,8844"
15/02/2022 23:58:00,"0,880555"
16/02/2022 23:58:00,"0,87925"
17/02/2022 23:58:00,"0,879805"
18/02/2022 23:58:00,"0,8832"
19/02/2022 23:58:00,"0,8832"
20/02/2022 23:58:00,"0,883655"
21/02/2022 23:58:00,"0,884425"
22/02/2022 23:58:00,"0,882665"
23/02/2022 23:58:00,"0,884535"
24/02/2022 23:58:00,"0,89361"
25/02/2022 23:58:00,"0,8871"
26/02/2022 23:58:00,"0,8871"
27/02/2022 23:58:00,"0,894245"
28/02/2022 23:58:00,"0,89162"
01/03/2022 23:58:00,"0,89825"
02/03/2022 23:58:00,"0,8997"
03/03/2022 23:58:00,"0,9037"
04/03/2022 23:58:00,"0,913435"
05/03/2022 23:58:00,"0,913435"
06/03/2022 23:58:00,"0,91985"
07/03/2022 23:58:00,"0,92039"
08/03/2022 23:58:00,"0,91755"
09/03/2022 23:58:00,"0,90314"
10/03/2022 23:58:00,"0,90795"
11/03/2022 23:58:00,"0,91642"
12/03/2022 23:58:00,"0,91642"
13/03/2022 23:58:00,"0,91427"
14/03/2022 23:58:00,"0,91367"
15/03/2022 23:58:00,"0,91166"
16/03/2022 23:58:00,"0,90725"
17/03/2022 23:58:00,"0,90097"
18/03/2022 23:58:00,"0,90395"
19/03/2022 23:58:00,"0,90395"
20/03/2022 23:58:00,"0,90565"
21/03/2022 23:58:00,"0,90768"
22/03/2022 23:58:00,"0,9068"
23/03/2022 23:58:00,"0,90845"
24/03/2022 23:58:00,"0,90833"
25/03/2022 23:58:00,"0,91045"
26/03/2022 23:58:00,"0,91045"
27/03/2022 23:58:00,"0,91049"
28/03/2022 23:58:00,"0,9096"
29/03/2022 23:58:00,"0,90156"
30/03/2022 23:58:00,"0,89597"
31/03/2022 23:58:00,"0,90318"
01/04/2022 23:58:00,"0,9051"
02/04/2022 23:58:00,"0,9051"
03/04/2022 23:58:00,"0,9055"
04/04/2022 23:58:00,"0,91112"
05/04/2022 23:58:00,"0,91685"
06/04/2022 23:58:00,"0,91761"
07/04/2022 23:58:00,"0,9205"
08/04/2022 23:58:00,"0,91947"
09/04/2022 23:58:00,"0,91947"
10/04/2022 23:58:00,"0,91853"
11/04/2022 23:58:00,"0,91933"
12/04/2022 23:58:00,"0,92372"
13/04/2022 23:58:00,"0,91775"
14/04/2022 23:58:00,"0,92411"
15/04/2022 23:58:00,"0,924695"
16/04/2022 23:58:00,"0,924695"
17/04/2022 23:58:00,"0,9246"
18/04/2022 23:58:00,"0,92749"
19/04/2022 23:58:00,"0,92643"
20/04/2022 23:58:00,"0,9217"
21/04/2022 23:58:00,"0,9228"
22/04/2022 23:58:00,"0,92598"
23/04/2022 23:58:00,"0,92598"
24/04/2022 23:58:00,"0,92501"
25/04/2022 23:58:00,"0,93336"
26/04/2022 23:58:00,"0,93956"
27/04/2022 23:58:00,"0,94744"
28/04/2022 23:58:00,"0,95215"
29/04/2022 23:58:00,"0,94835"
30/04/2022 23:58:00,"0,94835"
01/05/2022 23:58:00,"0,94916"
02/05/2022 23:58:00,"0,95162"
03/05/2022 23:58:00,"0,95015"
04/05/2022 23:58:00,"0,94156"
05/05/2022 23:58:00,"0,9487"
06/05/2022 23:58:00,"0,948"
07/05/2022 23:58:00,"0,948"
08/05/2022 23:58:00,"0,94953"
09/05/2022 23:58:00,"0,94646"
10/05/2022 23:58:00,"0,94962"
11/05/2022 23:58:00,"0,95128"
12/05/2022 23:58:00,"0,96346"
13/05/2022 23:58:00,"0,96055"
14/05/2022 23:58:00,"0,96055"
15/05/2022 23:58:00,"0,961305"
16/05/2022 23:58:00,"0,95799"
17/05/2022 23:58:00,"0,94804"
18/05/2022 23:58:00,"0,95489"
19/05/2022 23:58:00,"0,9453"
20/05/2022 23:58:00,"0,94675"
21/05/2022 23:58:00,"0,94675"
22/05/2022 23:58:00,"0,94613"
23/05/2022 23:58:00,"0,93618"
24/05/2022 23:58:00,"0,93166"
25/05/2022 23:58:00,"0,93578"
26/05/2022 23:58:00,"0,93174"
27/05/2022 23:58:00,"0,931505"
28/05/2022 23:58:00,"0,931505"
29/05/2022 23:58:00,"0,93185"
30/05/2022 23:58:00,"0,92818"
31/05/2022 23:58:00,"0,93164"
01/06/2022 23:58:00,"0,93875"
02/06/2022 23:58:00,"0,93017"
03/06/2022 23:58:00,"0,93285"
04/06/2022 23:58:00,"0,93285"
05/06/2022 23:58:00,"0,93234"
06/06/2022 23:58:00,"0,93532"
07/06/2022 23:58:00,"0,9348"
08/06/2022 23:58:00,"0,93307"
09/06/2022 23:58:00,"0,94155"
10/06/2022 23:58:00,"0,950765"
11/06/2022 23:58:00,"0,950765"
12/06/2022 23:58:00,"0,953175"
13/06/2022 23:58:00,"0,96007"
14/06/2022 23:58:00,"0,9579"
15/06/2022 23:58:00,"0,9564"
16/06/2022 23:58:00,"0,94818"
17/06/2022 23:58:00,"0,9528"
18/06/2022 23:58:00,"0,9528"
19/06/2022 23:58:00,"0,95305"
20/06/2022 23:58:00,"0,95055"
21/06/2022 23:58:00,"0,94955"
22/06/2022 23:58:00,"0,94655"
23/06/2022 23:58:00,"0,95055"
24/06/2022 23:58:00,"0,94725"
25/06/2022 23:58:00,"0,94725"
26/06/2022 23:58:00,"0,946455"
27/06/2022 23:58:00,"0,94513"
28/06/2022 23:58:00,"0,95031"
29/06/2022 23:58:00,"0,95733"
30/06/2022 23:58:00,"0,95434"
01/07/2022 23:58:00,"0,9589"
02/07/2022 23:58:00,"0,9589"
03/07/2022 23:58:00,"0,958455"
04/07/2022 23:58:00,"0,95835"
05/07/2022 23:58:00,"0,974915"
06/07/2022 23:58:00,"0,981865"
07/07/2022 23:58:00,"0,98345"
08/07/2022 23:58:00,"0,98175"
09/07/2022 23:58:00,"0,98175"
10/07/2022 23:58:00,"0,983695"
11/07/2022 23:58:00,"0,995305"
12/07/2022 23:58:00,"0,99685"
13/07/2022 23:58:00,"0,996775"
14/07/2022 23:58:00,"0,997815"
15/07/2022 23:58:00,"0,99138"
16/07/2022 23:58:00,"0,99138"
17/07/2022 23:58:00,"0,99045"
18/07/2022 23:58:00,"0,985725"
19/07/2022 23:58:00,"0,977425"
20/07/2022 23:58:00,"0,982085"
21/07/2022 23:58:00,"0,978345"
22/07/2022 23:58:00,"0,979"
23/07/2022 23:58:00,"0,979"
24/07/2022 23:58:00,"0,980405"
25/07/2022 23:58:00,"0,978225"
26/07/2022 23:58:00,"0,987245"
27/07/2022 23:58:00,"0,979905"
28/07/2022 23:58:00,"0,981115"
29/07/2022 23:58:00,"0,97795"
30/07/2022 23:58:00,"0,97795"
31/07/2022 23:58:00,"0,97975"
01/08/2022 23:58:00,"0,974495"
02/08/2022 23:58:00,"0,984705"
03/08/2022 23:58:00,"0,984485"
04/08/2022 23:58:00,"0,97575"
05/08/2022 23:58:00,"0,982295"
06/08/2022 23:58:00,"0,982295"
07/08/2022 23:58:00,"0,983235"
08/08/2022 23:58:00,"0,980655"
09/08/2022 23:58:00,"0,979645"
10/08/2022 23:58:00,"0,97105"
11/08/2022 23:58:00,"0,96875"
12/08/2022 23:58:00,"0,974325"
13/08/2022 23:58:00,"0,974325"
14/08/2022 23:58:00,"0,97515"
15/08/2022 23:58:00,"0,984095"
16/08/2022 23:58:00,"0,983255"
17/08/2022 23:58:00,"0,98245"
18/08/2022 23:58:00,"0,991125"
19/08/2022 23:58:00,"0,995835"
20/08/2022 23:58:00,"0,995835"
21/08/2022 23:58:00,"0,996525"
22/08/2022 23:58:00,"1,006125"
23/08/2022 23:58:00,"1,003355"
24/08/2022 23:58:00,"1,00315"
25/08/2022 23:58:00,"1,002915"
26/08/2022 23:58:00,"1,00345"
27/08/2022 23:58:00,"1,00345"
28/08/2022 23:58:00,"1,006205"
29/08/2022 23:58:00,"0,99875"
30/08/2022 23:58:00,"0,997535"
31/08/2022 23:58:00,"0,996145"
01/09/2022 23:58:00,"1,004825"
02/09/2022 23:58:00,"1,00425"
03/09/2022 23:58:00,"1,00425"
04/09/2022 23:58:00,"1,009175"
05/09/2022 23:58:00,"1,00495"
06/09/2022 23:58:00,"1,010345"
07/09/2022 23:58:00,"1,000405"
08/09/2022 23:58:00,"0,99885"
09/09/2022 23:58:00,"0,98505"
10/09/2022 23:58:00,"0,98485"
11/09/2022 23:58:00,"0,993025"
12/09/2022 23:58:00,"0,987245"
13/09/2022 23:58:00,"1,00195"
14/09/2022 23:58:00,"1,00175"
15/09/2022 23:58:00,"1,001235"
16/09/2022 23:58:00,"0,99847"
17/09/2022 23:58:00,"0,99847"
18/09/2022 23:58:00,"0,997995"
19/09/2022 23:58:00,"0,99725"
20/09/2022 23:58:00,"1,002985"
21/09/2022 23:58:00,"1,017255"
22/09/2022 23:58:00,"1,016345"
23/09/2022 23:58:00,"1,03203"
24/09/2022 23:58:00,"1,03203"
25/09/2022 23:58:00,"1,03215"
26/09/2022 23:58:00,"1,03925"
27/09/2022 23:58:00,"1,04216"
28/09/2022 23:58:00,"1,030095"
29/09/2022 23:58:00,"1,017375"
30/09/2022 23:58:00,"1,01991"
01/10/2022 23:58:00,"1,01991"
02/10/2022 23:58:00,"1,02145"
03/10/2022 23:58:00,"1,01705"
04/10/2022 23:58:00,"1,001605"
05/10/2022 23:58:00,"1,00925"
06/10/2022 23:58:00,"1,021585"
07/10/2022 23:58:00,"1,02668"
08/10/2022 23:58:00,"1,02668"
09/10/2022 23:58:00,"1,027255"
10/10/2022 23:58:00,"1,029955"
11/10/2022 23:58:00,"1,030955"
12/10/2022 23:58:00,"1,030115"
13/10/2022 23:58:00,"1,023515"
14/10/2022 23:58:00,"1,02845"
15/10/2022 23:58:00,"1,02845"
16/10/2022 23:58:00,"1,026715"
17/10/2022 23:58:00,"1,015985"
18/10/2022 23:58:00,"1,01395"
19/10/2022 23:58:00,"1,023845"
20/10/2022 23:58:00,"1,022715"
21/10/2022 23:58:00,"1,01405"
22/10/2022 23:58:00,"1,01405"
23/10/2022 23:58:00,"1,01425"
24/10/2022 23:58:00,"1,011495"
25/10/2022 23:58:00,"1,003675"
26/10/2022 23:58:00,"0,990925"
27/10/2022 23:58:00,"1,003265"
28/10/2022 23:58:00,"1,00355"
29/10/2022 23:58:00,"1,00355"
30/10/2022 23:58:00,"1,004615"
31/10/2022 23:58:00,"1,011465"
01/11/2022 23:58:00,"1,012265"
02/11/2022 23:58:00,"1,018725"
03/11/2022 23:58:00,"1,025675"
04/11/2022 23:58:00,"1,00165"
05/11/2022 23:58:00,"1,00165"
06/11/2022 23:58:00,"1,007045"
07/11/2022 23:58:00,"0,998175"
08/11/2022 23:58:00,"0,992135"
09/11/2022 23:58:00,"0,99805"
10/11/2022 23:58:00,"0,980855"
11/11/2022 23:58:00,"0,96415"
12/11/2022 23:58:00,"0,96405"
13/11/2022 23:58:00,"0,968225"
14/11/2022 23:58:00,"0,96915"
15/11/2022 23:58:00,"0,965415"
16/11/2022 23:58:00,"0,96205"
17/11/2022 23:58:00,"0,965125"
18/11/2022 23:58:00,"0,9666"
19/11/2022 23:58:00,"0,9666"
20/11/2022 23:58:00,"0,968045"
21/11/2022 23:58:00,"0,97615"
22/11/2022 23:58:00,"0,970125"
23/11/2022 23:58:00,"0,96007"
24/11/2022 23:58:00,"0,96082"
25/11/2022 23:58:00,"0,9602"
26/11/2022 23:58:00,"0,9602"
27/11/2022 23:58:00,"0,964555"
28/11/2022 23:58:00,"0,9667"
29/11/2022 23:58:00,"0,968805"
30/11/2022 23:58:00,"0,95935"
01/12/2022 23:58:00,"0,94985"
02/12/2022 23:58:00,"0,94905"
03/12/2022 23:58:00,"0,949"
04/12/2022 23:58:00,"0,94854"
05/12/2022 23:58:00,"0,95269"
06/12/2022 23:58:00,"0,95545"
07/12/2022 23:58:00,"0,95121"
08/12/2022 23:58:00,"0,9471"
09/12/2022 23:58:00,"0,9481"
10/12/2022 23:58:00,"0,94815"
11/12/2022 23:58:00,"0,95055"
12/12/2022 23:58:00,"0,94864"
13/12/2022 23:58:00,"0,94106"
14/12/2022 23:58:00,"0,93665"
15/12/2022 23:58:00,"0,93995"
16/12/2022 23:58:00,"0,94365"
17/12/2022 23:58:00,"0,94345"
18/12/2022 23:58:00,"0,94486"
19/12/2022 23:58:00,"0,94236"
20/12/2022 23:58:00,"0,94115"
21/12/2022 23:58:00,"0,94275"
22/12/2022 23:58:00,"0,94335"
23/12/2022 23:58:00,"0,9376"
24/12/2022 23:58:00,"0,9374"
25/12/2022 23:58:00,"0,9374"
26/12/2022 23:58:00,"0,9398"
27/12/2022 23:58:00,"0,93995"
28/12/2022 23:58:00,"0,94085"
29/12/2022 23:58:00,"0,93795"
30/12/2022 23:58:00,"0,93225"
31/12/2022 23:58:00,"0,93225"